0 1 0 0 7.3900 9.2904 0.5000
0 1 0 0 8.4940 9.2904 0.5000
0 1 0 0 16.7650 9.2904 0.5000
0 0 0 0 6.9600 9.2904 0.0000
0 1 0 0 10.9890 9.2904 0.5000
0 1 0 0 9.7460 9.2904 0.5000
0 1 0 0 8.5240 9.2904 0.5000
0 1 0 0 11.4060 9.2904 0.5000
0 1 0 0 8.6520 9.2904 0.5000
0 0 0 0 11.9920 9.2904 0.0000
0 1 0 0 9.5360 9.2904 0.5000
0 1 0 0 8.7450 9.2904 0.5000
0 1 0 0 9.2650 9.2904 0.5000
0 1 0 0 8.2200 9.2904 0.5000
0 1 0 0 7.0300 9.2904 0.5000
0 0 0 0 7.6430 9.2904 0.0000
0 1 0 0 9.3700 9.2904 0.5000
0 1 0 0 9.1350 9.2904 0.5000
0 1 0 0 11.5690 9.2904 0.5000
0 1 0 0 13.6150 9.2904 0.5000
1 1 0 0 8.3480 8.7136 0.5000
1 1 0 0 6.7840 8.7136 0.5000
1 1 0 0 8.2060 8.7136 0.5000
1 1 0 0 7.9960 8.7136 0.5000
1 1 0 0 7.5140 8.7136 0.5000
1 1 0 0 6.8540 8.7136 0.5000
1 1 0 0 7.4250 8.7136 0.5000
1 1 0 0 6.8580 8.7136 0.5000
1 1 0 0 7.8830 8.7136 0.5000
1 1 0 0 7.6130 8.7136 0.5000
1 1 0 0 6.8570 8.7136 0.5000
1 1 0 0 6.9040 8.7136 0.5000
1 1 0 0 8.5120 8.7136 0.5000
1 1 0 0 7.4120 8.7136 0.5000
1 1 0 0 8.0480 8.7136 0.5000
1 1 0 0 8.2590 8.7136 0.5000
1 1 0 0 6.8080 8.7136 0.5000
1 1 0 0 6.8390 8.7136 0.5000
1 1 0 0 6.8080 8.7136 0.5000
1 1 0 0 8.6110 8.7136 0.5000
2 1 0 0 6.0540 8.8156 0.5000
2 1 0 0 5.8900 8.8156 0.5000
2 1 0 0 5.8300 8.8156 0.5000
2 1 0 0 5.8200 8.8156 0.5000
2 1 0 0 6.2350 8.8156 0.5000
2 1 0 0 5.7770 8.8156 0.5000
2 1 0 0 5.8850 8.8156 0.5000
2 1 0 0 5.8350 8.8156 0.5000
2 1 0 0 6.2150 8.8156 0.5000
2 1 0 0 5.8100 8.8156 0.5000
2 1 0 0 5.7740 8.8156 0.5000
2 1 0 0 6.0200 8.8156 0.5000
2 1 0 0 6.2650 8.8156 0.5000
2 1 0 0 5.9080 8.8156 0.5000
2 1 0 0 5.7420 8.8156 0.5000
2 1 0 0 6.3020 8.8156 0.5000
2 1 0 0 5.7560 8.8156 0.5000
2 1 0 0 5.7050 8.8156 0.5000
2 1 0 0 5.7810 8.8156 0.5000
2 1 0 0 5.8770 8.8156 0.5000
3 1 0 0 7.1590 8.4734 0.5000
3 1 0 0 7.0590 8.4734 0.5000
3 1 0 0 6.8690 8.4734 0.5000
3 1 0 0 7.3780 8.4734 0.5000
3 1 0 0 7.4110 8.4734 0.5000
3 1 0 0 6.9280 8.4734 0.5000
3 1 0 0 6.3580 8.4734 0.5000
3 1 0 0 6.8820 8.4734 0.5000
3 1 0 0 7.3730 8.4734 0.5000
3 1 0 0 6.9740 8.4734 0.5000
3 1 0 0 7.4470 8.4734 0.5000
3 1 0 0 7.3480 8.4734 0.5000
3 1 0 0 7.2960 8.4734 0.5000
3 1 0 0 6.7890 8.4734 0.5000
3 1 0 0 7.4050 8.4734 0.5000
3 1 0 0 6.9400 8.4734 0.5000
3 1 0 0 7.3800 8.4734 0.5000
3 1 0 0 6.9160 8.4734 0.5000
3 1 0 0 6.7180 8.4734 0.5000
3 1 0 0 6.9430 8.4734 0.5000
4 0 0 0 28.5350 8.4641 0.0000
4 0 0 0 10.8950 8.4641 0.0000
4 0 0 0 24.1360 8.4641 0.0000
4 0 0 0 44.1570 8.4641 0.0000
4 0 0 0 27.7480 8.4641 0.0000
4 0 0 0 54.9520 8.4641 0.0000
4 0 0 0 53.0340 8.4641 0.0000
4 0 0 0 6.1060 8.4641 0.0000
4 0 0 0 55.8200 8.4641 0.0000
4 0 0 0 31.2850 8.4641 0.0000
4 0 0 0 46.8540 8.4641 0.0000
4 0 0 0 36.8550 8.4641 0.0000
4 0 0 0 30.3620 8.4641 0.0000
4 0 0 0 21.1630 8.4641 0.0000
4 0 0 0 55.3020 8.4641 0.0000
4 0 0 0 34.3660 8.4641 0.0000
4 0 0 0 55.1390 8.4641 0.0000
4 0 0 0 20.2130 8.4641 0.0000
4 0 0 0 22.3040 8.4641 0.0000
4 0 0 0 30.4600 8.4641 0.0000
5 1 0 0 7.2630 8.3924 0.5000
5 1 0 0 6.9520 8.3924 0.5000
5 1 0 0 7.0110 8.3924 0.5000
5 1 0 0 8.6590 8.3924 0.5000
5 1 0 0 8.1960 8.3924 0.5000
5 1 0 0 9.8950 8.3924 0.5000
5 1 0 0 6.8060 8.3924 0.5000
5 1 0 0 7.4120 8.3924 0.5000
5 0 0 0 6.1690 8.3924 0.0000
5 1 0 0 10.1840 8.3924 0.5000
5 1 0 0 6.9350 8.3924 0.5000
5 1 0 0 6.9130 8.3924 0.5000
5 1 0 0 6.4570 8.3924 0.5000
5 1 0 0 6.8570 8.3924 0.5000
5 1 0 0 6.8230 8.3924 0.5000
5 1 0 0 6.6560 8.3924 0.5000
5 1 0 0 7.3140 8.3924 0.5000
5 1 0 0 6.4410 8.3924 0.5000
5 1 0 0 6.4380 8.3924 0.5000
5 1 0 0 6.7400 8.3924 0.5000
6 1 0 0 6.5890 8.7320 0.5000
6 1 0 0 6.4090 8.7320 0.5000
6 1 0 0 6.4570 8.7320 0.5000
6 1 0 0 6.8090 8.7320 0.5000
6 1 0 0 7.3130 8.7320 0.5000
6 1 0 0 6.8510 8.7320 0.5000
6 1 0 0 7.7120 8.7320 0.5000
6 1 0 0 6.9730 8.7320 0.5000
6 1 0 0 11.3330 8.7320 0.5000
6 1 0 0 6.8960 8.7320 0.5000
6 1 0 0 6.2080 8.7320 0.5000
6 1 0 0 6.3820 8.7320 0.5000
6 1 0 0 6.3300 8.7320 0.5000
6 1 0 0 7.0210 8.7320 0.5000
6 1 0 0 8.1570 8.7320 0.5000
6 1 0 0 7.5440 8.7320 0.5000
6 1 0 0 6.5960 8.7320 0.5000
6 1 0 0 6.8720 8.7320 0.5000
6 1 0 0 6.3260 8.7320 0.5000
6 1 0 0 6.5150 8.7320 0.5000
7 1 0 0 6.4680 8.6485 0.5000
7 1 0 0 6.2260 8.6485 0.5000
7 1 0 0 6.4530 8.6485 0.5000
7 1 0 0 6.3920 8.6485 0.5000
7 1 0 0 6.3090 8.6485 0.5000
7 1 0 0 6.4060 8.6485 0.5000
7 1 0 0 6.7840 8.6485 0.5000
7 1 0 0 6.1040 8.6485 0.5000
7 1 0 0 6.1870 8.6485 0.5000
7 1 0 0 6.2700 8.6485 0.5000
7 1 0 0 6.2950 8.6485 0.5000
7 1 0 0 6.7480 8.6485 0.5000
7 1 0 0 6.2680 8.6485 0.5000
7 1 0 0 6.2450 8.6485 0.5000
7 1 0 0 6.3110 8.6485 0.5000
7 1 0 0 6.2050 8.6485 0.5000
7 1 0 0 6.2140 8.6485 0.5000
7 1 0 0 6.8910 8.6485 0.5000
7 1 0 0 6.2700 8.6485 0.5000
7 1 0 0 6.3830 8.6485 0.5000
8 1 0 0 6.0660 8.1098 0.5000
8 1 0 0 5.9700 8.1098 0.5000
8 1 0 0 6.2650 8.1098 0.5000
8 1 0 0 6.2900 8.1098 0.5000
8 1 0 0 6.2680 8.1098 0.5000
8 1 0 0 6.3100 8.1098 0.5000
8 1 0 0 6.2840 8.1098 0.5000
8 1 0 0 6.2560 8.1098 0.5000
8 1 0 0 6.2730 8.1098 0.5000
8 1 0 0 6.3410 8.1098 0.5000
8 1 0 0 5.9000 8.1098 0.5000
8 1 0 0 6.2930 8.1098 0.5000
8 1 0 0 6.1400 8.1098 0.5000
8 1 0 0 6.2970 8.1098 0.5000
8 1 0 0 6.2510 8.1098 0.5000
8 1 0 0 6.2020 8.1098 0.5000
8 1 0 0 6.2810 8.1098 0.5000
8 1 0 0 6.2360 8.1098 0.5000
8 1 0 0 6.2900 8.1098 0.5000
8 1 0 0 6.2300 8.1098 0.5000
9 1 0 0 7.7460 8.3008 0.5000
9 1 0 0 6.9370 8.3008 0.5000
9 1 0 0 7.4530 8.3008 0.5000
9 1 0 0 7.3630 8.3008 0.5000
9 1 0 0 7.4280 8.3008 0.5000
9 0 0 0 30.5180 8.3008 0.0000
9 1 0 0 6.8890 8.3008 0.5000
9 0 0 0 23.4610 8.3008 0.0000
9 0 0 0 35.3170 8.3008 0.0000
9 0 0 0 21.3640 8.3008 0.0000
9 0 0 0 46.9640 8.3008 0.0000
9 1 0 0 7.3880 8.3008 0.5000
9 1 0 0 6.8410 8.3008 0.5000
9 1 0 0 6.9270 8.3008 0.5000
9 0 0 0 15.7470 8.3008 0.0000
9 1 0 0 6.8160 8.3008 0.5000
9 1 0 0 7.4160 8.3008 0.5000
9 1 0 0 7.0790 8.3008 0.5000
9 0 0 0 35.6880 8.3008 0.0000
9 1 0 0 7.8450 8.3008 0.5000
10 0 0 0 24.5430 8.0201 0.0000
10 1 0 0 8.9830 8.0201 0.5000
10 0 0 0 52.4330 8.0201 0.0000
10 0 0 0 54.9560 8.0201 0.0000
10 0 0 0 31.1370 8.0201 0.0000
10 1 0 0 16.1970 8.0201 0.4952
10 1 0 0 9.2380 8.0201 0.5000
10 0 0 0 54.7090 8.0201 0.0000
10 1 0 0 12.3230 8.0201 0.5000
10 1 0 0 10.1280 8.0201 0.5000
10 0 0 0 28.6500 8.0201 0.0000
10 1 0 0 8.8780 8.0201 0.5000
10 1 0 0 9.2260 8.0201 0.5000
10 0 0 0 28.2180 8.0201 0.0000
10 0 0 0 16.1530 8.0201 0.0000
10 1 0 0 10.7550 8.0201 0.5000
10 1 0 0 12.8850 8.0201 0.5000
10 0 0 0 22.9070 8.0201 0.0000
10 1 0 0 8.6820 8.0201 0.5000
10 1 0 0 9.1250 8.0201 0.5000
11 1 0 0 6.5220 8.2977 0.5000
11 1 0 0 6.9040 8.2977 0.5000
11 1 0 0 6.4060 8.2977 0.5000
11 1 0 0 6.7980 8.2977 0.5000
11 1 0 0 6.7640 8.2977 0.5000
11 1 0 0 6.7230 8.2977 0.5000
11 1 0 0 6.2950 8.2977 0.5000
11 1 0 0 7.0010 8.2977 0.5000
11 1 0 0 6.8480 8.2977 0.5000
11 1 0 0 6.8300 8.2977 0.5000
11 1 0 0 6.9320 8.2977 0.5000
11 1 0 0 7.0000 8.2977 0.5000
11 1 0 0 6.3490 8.2977 0.5000
11 1 0 0 6.9160 8.2977 0.5000
11 1 0 0 6.9030 8.2977 0.5000
11 1 0 0 6.8320 8.2977 0.5000
11 1 0 0 6.7720 8.2977 0.5000
11 1 0 0 6.7310 8.2977 0.5000
11 1 0 0 6.3940 8.2977 0.5000
11 1 0 0 6.7750 8.2977 0.5000
12 1 0 0 6.1020 8.3184 0.5000
12 1 0 0 6.2450 8.3184 0.5000
12 1 0 0 6.2150 8.3184 0.5000
12 1 0 0 6.2910 8.3184 0.5000
12 1 0 0 6.2770 8.3184 0.5000
12 1 0 0 6.2660 8.3184 0.5000
12 1 0 0 6.8100 8.3184 0.5000
12 1 0 0 6.9110 8.3184 0.5000
12 1 0 0 6.4430 8.3184 0.5000
12 1 0 0 6.2980 8.3184 0.5000
12 1 0 0 6.3320 8.3184 0.5000
12 1 0 0 6.3040 8.3184 0.5000
12 1 0 0 6.3340 8.3184 0.5000
12 1 0 0 6.3070 8.3184 0.5000
12 1 0 0 6.8300 8.3184 0.5000
12 1 0 0 5.7750 8.3184 0.5000
12 1 0 0 6.3090 8.3184 0.5000
12 1 0 0 6.7460 8.3184 0.5000
12 1 0 0 6.2420 8.3184 0.5000
12 1 0 0 6.3450 8.3184 0.5000
13 1 0 0 6.1340 8.8614 0.5000
13 1 0 0 6.2500 8.8614 0.5000
13 1 0 0 6.2640 8.8614 0.5000
13 1 0 0 5.7110 8.8614 0.5000
13 1 0 0 5.9250 8.8614 0.5000
13 1 0 0 5.7630 8.8614 0.5000
13 1 0 0 5.7870 8.8614 0.5000
13 1 0 0 5.8190 8.8614 0.5000
13 1 0 0 5.8870 8.8614 0.5000
13 1 0 0 5.7640 8.8614 0.5000
13 1 0 0 5.8400 8.8614 0.5000
13 1 0 0 5.7640 8.8614 0.5000
13 1 0 0 5.7460 8.8614 0.5000
13 1 0 0 6.2180 8.8614 0.5000
13 1 0 0 6.2520 8.8614 0.5000
13 1 0 0 6.1600 8.8614 0.5000
13 1 0 0 5.8880 8.8614 0.5000
13 1 0 0 5.7320 8.8614 0.5000
13 1 0 0 5.8640 8.8614 0.5000
13 1 0 0 5.8330 8.8614 0.5000
14 1 0 0 11.0920 8.5018 0.5000
14 0 0 0 10.6870 8.5018 0.0000
14 0 0 0 19.0070 8.5018 0.0000
14 1 0 0 42.3120 8.5018 0.2009
14 0 0 0 27.2380 8.5018 0.0000
14 1 0 0 14.6720 8.5018 0.5000
14 1 0 0 49.7350 8.5018 0.1709
14 0 0 0 16.2860 8.5018 0.0000
14 1 0 0 11.2920 8.5018 0.5000
14 1 0 0 14.7730 8.5018 0.5000
14 0 0 0 34.7520 8.5018 0.0000
14 0 0 0 14.9880 8.5018 0.0000
14 1 0 0 15.4010 8.5018 0.5000
14 1 0 0 11.6350 8.5018 0.5000
14 1 0 0 14.2320 8.5018 0.5000
14 1 0 0 11.4110 8.5018 0.5000
14 0 0 0 17.3700 8.5018 0.0000
14 1 0 0 18.0550 8.5018 0.4709
14 1 0 0 20.9330 8.5018 0.4061
14 0 0 0 56.0430 8.5018 0.0000
15 1 0 0 7.8360 8.1937 0.5000
15 1 0 0 17.5600 8.1937 0.4666
15 1 0 0 8.0020 8.1937 0.5000
15 0 0 0 26.0770 8.1937 0.0000
15 1 0 0 12.1100 8.1937 0.5000
15 1 0 0 22.6690 8.1937 0.3615
15 1 0 0 13.1280 8.1937 0.5000
15 1 0 0 8.0500 8.1937 0.5000
15 0 0 0 31.4060 8.1937 0.0000
15 1 0 0 14.0600 8.1937 0.5000
15 0 0 0 15.2560 8.1937 0.0000
15 0 0 0 26.5240 8.1937 0.0000
15 0 0 0 43.9620 8.1937 0.0000
15 1 0 0 12.9230 8.1937 0.5000
15 1 0 0 7.6900 8.1937 0.5000
15 0 0 0 21.8090 8.1937 0.0000
15 1 0 0 19.3170 8.1937 0.4242
15 0 0 0 54.9000 8.1937 0.0000
15 1 0 0 11.9560 8.1937 0.5000
15 1 0 0 7.3450 8.1937 0.5000
16 1 0 0 6.0550 8.4080 0.5000
16 1 0 0 6.2890 8.4080 0.5000
16 1 0 0 5.8370 8.4080 0.5000
16 1 0 0 6.3260 8.4080 0.5000
16 1 0 0 6.2550 8.4080 0.5000
16 1 0 0 5.8410 8.4080 0.5000
16 1 0 0 6.2270 8.4080 0.5000
16 1 0 0 6.2450 8.4080 0.5000
16 1 0 0 6.2080 8.4080 0.5000
16 1 0 0 6.2660 8.4080 0.5000
16 1 0 0 6.2690 8.4080 0.5000
16 1 0 0 6.3180 8.4080 0.5000
16 1 0 0 6.1290 8.4080 0.5000
16 1 0 0 6.4110 8.4080 0.5000
16 1 0 0 6.2750 8.4080 0.5000
16 1 0 0 6.3290 8.4080 0.5000
16 1 0 0 6.3580 8.4080 0.5000
16 1 0 0 6.3500 8.4080 0.5000
16 1 0 0 6.2570 8.4080 0.5000
16 1 0 0 6.1600 8.4080 0.5000
17 1 0 0 9.3240 8.0132 0.5000
17 1 0 0 8.0000 8.0132 0.5000
17 1 0 0 7.5380 8.0132 0.5000
17 1 0 0 13.4590 8.0132 0.5000
17 1 0 0 11.3790 8.0132 0.5000
17 1 0 0 7.5060 8.0132 0.5000
17 1 0 0 7.8950 8.0132 0.5000
17 1 0 0 8.0480 8.0132 0.5000
17 1 0 0 7.4730 8.0132 0.5000
17 1 0 0 7.5200 8.0132 0.5000
17 1 0 0 8.0610 8.0132 0.5000
17 1 0 0 7.4930 8.0132 0.5000
17 1 0 0 7.4440 8.0132 0.5000
17 1 0 0 7.4850 8.0132 0.5000
17 1 0 0 7.5280 8.0132 0.5000
17 1 0 0 10.6680 8.0132 0.5000
17 1 0 0 8.1600 8.0132 0.5000
17 1 0 0 7.3810 8.0132 0.5000
17 1 0 0 7.4160 8.0132 0.5000
17 1 0 0 8.0500 8.0132 0.5000
18 1 0 0 6.1630 8.2617 0.5000
18 1 0 0 5.8620 8.2617 0.5000
18 1 0 0 5.8110 8.2617 0.5000
18 1 0 0 5.8120 8.2617 0.5000
18 1 0 0 5.8990 8.2617 0.5000
18 1 0 0 6.1980 8.2617 0.5000
18 1 0 0 6.2720 8.2617 0.5000
18 1 0 0 5.6840 8.2617 0.5000
18 1 0 0 6.2250 8.2617 0.5000
18 1 0 0 5.7650 8.2617 0.5000
18 1 0 0 6.2360 8.2617 0.5000
18 1 0 0 5.8600 8.2617 0.5000
18 1 0 0 6.1690 8.2617 0.5000
18 1 0 0 5.7010 8.2617 0.5000
18 1 0 0 6.2090 8.2617 0.5000
18 1 0 0 6.1760 8.2617 0.5000
18 1 0 0 6.2770 8.2617 0.5000
18 1 0 0 6.2300 8.2617 0.5000
18 1 0 0 5.8290 8.2617 0.5000
18 1 0 0 6.2430 8.2617 0.5000
19 1 0 0 6.0440 8.8619 0.5000
19 1 0 0 6.1610 8.8619 0.5000
19 1 0 0 5.7730 8.8619 0.5000
19 1 0 0 6.2520 8.8619 0.5000
19 1 0 0 6.1940 8.8619 0.5000
19 1 0 0 6.2310 8.8619 0.5000
19 1 0 0 6.0960 8.8619 0.5000
19 1 0 0 6.2130 8.8619 0.5000
19 1 0 0 6.2550 8.8619 0.5000
19 1 0 0 5.7490 8.8619 0.5000
19 1 0 0 5.7320 8.8619 0.5000
19 1 0 0 5.7140 8.8619 0.5000
19 1 0 0 6.1770 8.8619 0.5000
19 1 0 0 6.1580 8.8619 0.5000
19 1 0 0 6.3010 8.8619 0.5000
19 1 0 0 6.1970 8.8619 0.5000
19 1 0 0 6.2430 8.8619 0.5000
19 1 0 0 5.7150 8.8619 0.5000
19 1 0 0 5.7110 8.8619 0.5000
19 1 0 0 6.2380 8.8619 0.5000
20 1 0 0 9.4810 8.0363 0.5000
20 1 0 0 9.0090 8.0363 0.5000
20 0 0 0 6.9260 8.0363 0.0000
20 1 0 0 9.8100 8.0363 0.5000
20 1 0 0 9.2080 8.0363 0.5000
20 1 0 0 9.7740 8.0363 0.5000
20 1 0 0 10.9330 8.0363 0.5000
20 1 0 0 10.2040 8.0363 0.5000
20 1 0 0 11.2500 8.0363 0.5000
20 1 0 0 12.8900 8.0363 0.5000
20 0 0 0 5.7600 8.0363 0.0000
20 0 0 0 13.2910 8.0363 0.0000
20 0 0 0 13.0600 8.0363 0.0000
20 0 0 0 10.6100 8.0363 0.0000
20 0 0 0 22.3540 8.0363 0.0000
20 1 0 0 11.7530 8.0363 0.5000
20 0 0 0 7.4910 8.0363 0.0000
20 1 0 0 12.4640 8.0363 0.5000
20 1 0 0 10.7890 8.0363 0.5000
20 1 0 0 9.6170 8.0363 0.5000
21 1 0 0 5.7720 8.2299 0.5000
21 1 0 0 5.7380 8.2299 0.5000
21 1 0 0 6.2150 8.2299 0.5000
21 1 0 0 5.7470 8.2299 0.5000
21 1 0 0 5.7590 8.2299 0.5000
21 1 0 0 5.8080 8.2299 0.5000
21 1 0 0 5.8440 8.2299 0.5000
21 1 0 0 5.7910 8.2299 0.5000
21 1 0 0 5.7680 8.2299 0.5000
21 1 0 0 6.2130 8.2299 0.5000
21 1 0 0 6.1320 8.2299 0.5000
21 1 0 0 5.7400 8.2299 0.5000
21 1 0 0 5.7550 8.2299 0.5000
21 1 0 0 5.7300 8.2299 0.5000
21 1 0 0 5.8350 8.2299 0.5000
21 1 0 0 6.1790 8.2299 0.5000
21 1 0 0 5.8170 8.2299 0.5000
21 1 0 0 5.8210 8.2299 0.5000
21 1 0 0 6.1430 8.2299 0.5000
21 1 0 0 5.7940 8.2299 0.5000
22 1 0 0 6.8030 8.3342 0.5000
22 1 0 0 8.5070 8.3342 0.5000
22 1 0 0 6.8580 8.3342 0.5000
22 1 0 0 6.8390 8.3342 0.5000
22 1 0 0 6.7890 8.3342 0.5000
22 1 0 0 6.7050 8.3342 0.5000
22 1 0 0 6.9360 8.3342 0.5000
22 1 0 0 6.6730 8.3342 0.5000
22 1 0 0 6.7770 8.3342 0.5000
22 1 0 0 6.7930 8.3342 0.5000
22 1 0 0 7.3600 8.3342 0.5000
22 1 0 0 6.8570 8.3342 0.5000
22 1 0 0 6.7560 8.3342 0.5000
22 1 0 0 6.8040 8.3342 0.5000
22 1 0 0 6.7560 8.3342 0.5000
22 1 0 0 6.7960 8.3342 0.5000
22 1 0 0 6.5300 8.3342 0.5000
22 1 0 0 6.5360 8.3342 0.5000
22 1 0 0 7.3900 8.3342 0.5000
22 1 0 0 7.5020 8.3342 0.5000
23 1 0 0 6.1720 8.2098 0.5000
23 1 0 0 6.2480 8.2098 0.5000
23 1 0 0 5.7640 8.2098 0.5000
23 1 0 0 5.8090 8.2098 0.5000
23 1 0 0 6.2030 8.2098 0.5000
23 1 0 0 5.8560 8.2098 0.5000
23 1 0 0 5.7700 8.2098 0.5000
23 1 0 0 5.7680 8.2098 0.5000
23 1 0 0 6.1710 8.2098 0.5000
23 1 0 0 5.8120 8.2098 0.5000
23 1 0 0 6.2440 8.2098 0.5000
23 1 0 0 6.2330 8.2098 0.5000
23 1 0 0 5.8250 8.2098 0.5000
23 1 0 0 5.8550 8.2098 0.5000
23 1 0 0 6.2840 8.2098 0.5000
23 1 0 0 5.7940 8.2098 0.5000
23 1 0 0 5.7980 8.2098 0.5000
23 1 0 0 5.9680 8.2098 0.5000
23 1 0 0 6.2170 8.2098 0.5000
23 1 0 0 6.1990 8.2098 0.5000
24 1 0 0 6.5900 8.6556 0.5000
24 1 0 0 6.8410 8.6556 0.5000
24 1 0 0 6.2850 8.6556 0.5000
24 1 0 0 6.3100 8.6556 0.5000
24 1 0 0 6.4190 8.6556 0.5000
24 1 0 0 6.4480 8.6556 0.5000
24 1 0 0 6.6660 8.6556 0.5000
24 1 0 0 6.3140 8.6556 0.5000
24 1 0 0 6.2900 8.6556 0.5000
24 1 0 0 6.8080 8.6556 0.5000
24 1 0 0 6.3410 8.6556 0.5000
24 1 0 0 6.3770 8.6556 0.5000
24 1 0 0 6.3520 8.6556 0.5000
24 1 0 0 6.5130 8.6556 0.5000
24 1 0 0 6.3840 8.6556 0.5000
24 1 0 0 6.2760 8.6556 0.5000
24 1 0 0 6.8640 8.6556 0.5000
24 1 0 0 6.8820 8.6556 0.5000
24 1 0 0 6.2290 8.6556 0.5000
24 1 0 0 6.3130 8.6556 0.5000
25 1 0 0 6.7100 8.4024 0.5000
25 1 0 0 6.7700 8.4024 0.5000
25 1 0 0 6.8800 8.4024 0.5000
25 1 0 0 6.8960 8.4024 0.5000
25 1 0 0 6.8320 8.4024 0.5000
25 1 0 0 6.8150 8.4024 0.5000
25 1 0 0 6.8600 8.4024 0.5000
25 1 0 0 6.8950 8.4024 0.5000
25 1 0 0 6.8590 8.4024 0.5000
25 1 0 0 6.8320 8.4024 0.5000
25 1 0 0 7.0290 8.4024 0.5000
25 1 0 0 6.8660 8.4024 0.5000
25 1 0 0 6.7410 8.4024 0.5000
25 1 0 0 7.0110 8.4024 0.5000
25 1 0 0 6.3320 8.4024 0.5000
25 1 0 0 6.8650 8.4024 0.5000
25 1 0 0 6.8550 8.4024 0.5000
25 1 0 0 6.8340 8.4024 0.5000
25 1 0 0 6.9920 8.4024 0.5000
25 1 0 0 6.7640 8.4024 0.5000
26 1 0 0 6.6210 8.2018 0.5000
26 1 0 0 6.8330 8.2018 0.5000
26 1 0 0 6.9030 8.2018 0.5000
26 1 0 0 6.8030 8.2018 0.5000
26 1 0 0 6.8630 8.2018 0.5000
26 1 0 0 6.8370 8.2018 0.5000
26 1 0 0 6.7900 8.2018 0.5000
26 1 0 0 6.7800 8.2018 0.5000
26 1 0 0 6.8120 8.2018 0.5000
26 1 0 0 6.4070 8.2018 0.5000
26 1 0 0 6.8910 8.2018 0.5000
26 1 0 0 6.8620 8.2018 0.5000
26 1 0 0 6.3510 8.2018 0.5000
26 1 0 0 6.5060 8.2018 0.5000
26 1 0 0 6.2930 8.2018 0.5000
26 1 0 0 6.8400 8.2018 0.5000
26 1 0 0 6.4200 8.2018 0.5000
26 1 0 0 6.9720 8.2018 0.5000
26 1 0 0 6.2910 8.2018 0.5000
26 1 0 0 6.8660 8.2018 0.5000
27 0 0 0 7.0800 8.2087 0.0000
27 1 0 0 9.5700 8.2087 0.5000
27 0 0 0 34.8790 8.2087 0.0000
27 1 0 0 11.8410 8.2087 0.5000
27 1 0 0 10.7330 8.2087 0.5000
27 1 0 0 10.1670 8.2087 0.5000
27 1 0 0 11.8960 8.2087 0.5000
27 1 0 0 9.1760 8.2087 0.5000
27 0 0 0 6.8690 8.2087 0.0000
27 1 0 0 11.8990 8.2087 0.5000
27 1 0 0 12.9790 8.2087 0.5000
27 1 0 0 9.6580 8.2087 0.5000
27 0 0 0 6.4500 8.2087 0.0000
27 1 0 0 10.1140 8.2087 0.5000
27 1 0 0 9.1640 8.2087 0.5000
27 1 0 0 10.6920 8.2087 0.5000
27 0 0 0 14.9360 8.2087 0.0000
27 1 0 0 10.1020 8.2087 0.5000
27 1 0 0 9.6580 8.2087 0.5000
27 0 0 0 9.6270 8.2087 0.0000
28 1 0 0 5.9850 7.9034 0.5000
28 1 0 0 5.7610 7.9034 0.5000
28 1 0 0 5.7640 7.9034 0.5000
28 1 0 0 5.7180 7.9034 0.5000
28 1 0 0 5.8320 7.9034 0.5000
28 1 0 0 5.7770 7.9034 0.5000
28 1 0 0 6.1950 7.9034 0.5000
28 1 0 0 5.7590 7.9034 0.5000
28 1 0 0 5.8690 7.9034 0.5000
28 1 0 0 5.7260 7.9034 0.5000
28 1 0 0 5.8800 7.9034 0.5000
28 1 0 0 5.7630 7.9034 0.5000
28 1 0 0 5.8070 7.9034 0.5000
28 1 0 0 5.7780 7.9034 0.5000
28 1 0 0 6.2600 7.9034 0.5000
28 1 0 0 6.2260 7.9034 0.5000
28 1 0 0 5.7040 7.9034 0.5000
28 1 0 0 5.8170 7.9034 0.5000
28 1 0 0 5.8030 7.9034 0.5000
28 1 0 0 6.2340 7.9034 0.5000
29 1 0 0 7.2260 8.3082 0.5000
29 1 0 0 6.9140 8.3082 0.5000
29 1 0 0 6.2220 8.3082 0.5000
29 1 0 0 6.4690 8.3082 0.5000
29 1 0 0 6.2700 8.3082 0.5000
29 1 0 0 7.3940 8.3082 0.5000
29 1 0 0 6.1450 8.3082 0.5000
29 1 0 0 6.2560 8.3082 0.5000
29 1 0 0 7.3960 8.3082 0.5000
29 1 0 0 10.0270 8.3082 0.5000
29 1 0 0 6.3230 8.3082 0.5000
29 1 0 0 6.2130 8.3082 0.5000
29 1 0 0 7.4640 8.3082 0.5000
29 1 0 0 7.4620 8.3082 0.5000
29 1 0 0 7.4730 8.3082 0.5000
29 1 0 0 7.2340 8.3082 0.5000
29 1 0 0 6.1540 8.3082 0.5000
29 1 0 0 6.7670 8.3082 0.5000
29 1 0 0 6.1690 8.3082 0.5000
29 1 0 0 6.9070 8.3082 0.5000
30 1 0 0 15.6990 8.4118 0.5000
30 1 0 0 12.9730 8.4118 0.5000
30 1 0 0 19.9790 8.4118 0.4210
30 0 0 0 22.3010 8.4118 0.0000
30 0 0 0 21.1800 8.4118 0.0000
30 0 0 0 23.3710 8.4118 0.0000
30 0 0 0 27.5600 8.4118 0.0000
30 0 0 0 21.9600 8.4118 0.0000
30 1 0 0 12.3120 8.4118 0.5000
30 1 0 0 21.0160 8.4118 0.4003
30 1 0 0 20.4310 8.4118 0.4117
30 0 0 0 23.5300 8.4118 0.0000
30 0 0 0 26.8130 8.4118 0.0000
30 1 0 0 23.4950 8.4118 0.3580
30 0 0 0 17.3900 8.4118 0.0000
30 1 0 0 23.2020 8.4118 0.3625
30 0 0 0 55.3710 8.4118 0.0000
30 0 0 0 14.0410 8.4118 0.0000
30 0 0 0 25.6980 8.4118 0.0000
30 0 0 0 18.4520 8.4118 0.0000
31 1 0 0 8.1340 7.9322 0.5000
31 1 0 0 8.7660 7.9322 0.5000
31 1 0 0 7.1040 7.9322 0.5000
31 1 0 0 7.1740 7.9322 0.5000
31 0 0 0 11.6240 7.9322 0.0000
31 1 0 0 7.5400 7.9322 0.5000
31 1 0 0 7.1850 7.9322 0.5000
31 1 0 0 7.0700 7.9322 0.5000
31 1 0 0 7.3750 7.9322 0.5000
31 1 0 0 6.8260 7.9322 0.5000
31 1 0 0 7.5140 7.9322 0.5000
31 1 0 0 7.9750 7.9322 0.5000
31 1 0 0 6.8140 7.9322 0.5000
31 1 0 0 9.6820 7.9322 0.5000
31 1 0 0 7.5060 7.9322 0.5000
31 1 0 0 8.9920 7.9322 0.5000
31 1 0 0 7.1000 7.9322 0.5000
31 1 0 0 7.4710 7.9322 0.5000
31 1 0 0 7.7600 7.9322 0.5000
31 1 0 0 7.1040 7.9322 0.5000
32 1 0 0 6.8800 8.1038 0.5000
32 1 0 0 7.6740 8.1038 0.5000
32 1 0 0 7.3440 8.1038 0.5000
32 0 0 0 4.2650 8.1038 0.0000
32 1 0 0 7.0600 8.1038 0.5000
32 1 0 0 6.5210 8.1038 0.5000
32 1 0 0 7.6470 8.1038 0.5000
32 1 0 0 7.6310 8.1038 0.5000
32 1 0 0 6.8740 8.1038 0.5000
32 1 0 0 7.8100 8.1038 0.5000
32 1 0 0 6.8450 8.1038 0.5000
32 1 0 0 6.8330 8.1038 0.5000
32 1 0 0 7.0510 8.1038 0.5000
32 1 0 0 6.9880 8.1038 0.5000
32 1 0 0 7.4980 8.1038 0.5000
32 1 0 0 6.7990 8.1038 0.5000
32 1 0 0 6.9480 8.1038 0.5000
32 1 0 0 6.9490 8.1038 0.5000
32 1 0 0 7.1870 8.1038 0.5000
32 1 0 0 6.8070 8.1038 0.5000
33 1 0 0 19.4510 8.7517 0.4499
33 0 0 0 22.8110 8.7517 0.0000
33 1 0 0 10.0580 8.7517 0.5000
33 1 0 0 7.9630 8.7517 0.5000
33 1 0 0 8.7230 8.7517 0.5000
33 1 0 0 10.3250 8.7517 0.5000
33 1 0 0 8.0160 8.7517 0.5000
33 1 0 0 9.1990 8.7517 0.5000
33 1 0 0 16.3930 8.7517 0.5000
33 1 0 0 9.0600 8.7517 0.5000
33 1 0 0 9.9630 8.7517 0.5000
33 1 0 0 8.6660 8.7517 0.5000
33 1 0 0 7.0150 8.7517 0.5000
33 1 0 0 8.9930 8.7517 0.5000
33 1 0 0 8.4090 8.7517 0.5000
33 1 0 0 13.4110 8.7517 0.5000
33 1 0 0 8.7380 8.7517 0.5000
33 1 0 0 8.4530 8.7517 0.5000
33 1 0 0 9.7190 8.7517 0.5000
33 1 0 0 8.4770 8.7517 0.5000
34 1 0 0 6.6100 7.9460 0.5000
34 1 0 0 6.8540 7.9460 0.5000
34 1 0 0 7.4030 7.9460 0.5000
34 1 0 0 6.2080 7.9460 0.5000
34 1 0 0 6.3600 7.9460 0.5000
34 1 0 0 6.7030 7.9460 0.5000
34 1 0 0 6.2190 7.9460 0.5000
34 1 0 0 6.3010 7.9460 0.5000
34 1 0 0 6.4060 7.9460 0.5000
34 1 0 0 6.3330 7.9460 0.5000
34 1 0 0 6.4650 7.9460 0.5000
34 1 0 0 6.2560 7.9460 0.5000
34 1 0 0 6.2980 7.9460 0.5000
34 1 0 0 6.2360 7.9460 0.5000
34 1 0 0 7.3810 7.9460 0.5000
34 1 0 0 6.2200 7.9460 0.5000
34 1 0 0 6.4080 7.9460 0.5000
34 1 0 0 6.3400 7.9460 0.5000
34 1 0 0 6.3490 7.9460 0.5000
34 1 0 0 6.3270 7.9460 0.5000
35 1 0 0 8.7020 7.9484 0.5000
35 1 0 0 8.2790 7.9484 0.5000
35 1 0 0 8.8520 7.9484 0.5000
35 1 0 0 8.7630 7.9484 0.5000
35 1 0 0 7.7410 7.9484 0.5000
35 1 0 0 8.6400 7.9484 0.5000
35 1 0 0 9.4700 7.9484 0.5000
35 1 0 0 7.3330 7.9484 0.5000
35 1 0 0 7.1650 7.9484 0.5000
35 1 0 0 8.6210 7.9484 0.5000
35 1 0 0 7.5310 7.9484 0.5000
35 1 0 0 8.1200 7.9484 0.5000
35 1 0 0 8.0110 7.9484 0.5000
35 1 0 0 24.6280 7.9484 0.3227
35 1 0 0 8.4110 7.9484 0.5000
35 1 0 0 8.6640 7.9484 0.5000
35 1 0 0 8.6670 7.9484 0.5000
35 1 0 0 8.8040 7.9484 0.5000
35 1 0 0 8.2180 7.9484 0.5000
35 1 0 0 7.7050 7.9484 0.5000
36 1 0 0 6.1640 7.7655 0.5000
36 1 0 0 6.2240 7.7655 0.5000
36 1 0 0 6.2280 7.7655 0.5000
36 1 0 0 5.8340 7.7655 0.5000
36 1 0 0 5.7820 7.7655 0.5000
36 1 0 0 5.7920 7.7655 0.5000
36 1 0 0 5.7930 7.7655 0.5000
36 1 0 0 5.7470 7.7655 0.5000
36 1 0 0 5.7800 7.7655 0.5000
36 1 0 0 5.7010 7.7655 0.5000
36 1 0 0 5.7780 7.7655 0.5000
36 1 0 0 6.2340 7.7655 0.5000
36 1 0 0 5.7110 7.7655 0.5000
36 1 0 0 5.7010 7.7655 0.5000
36 1 0 0 6.2720 7.7655 0.5000
36 1 0 0 6.2380 7.7655 0.5000
36 1 0 0 6.2310 7.7655 0.5000
36 1 0 0 5.8030 7.7655 0.5000
36 1 0 0 5.7550 7.7655 0.5000
36 1 0 0 6.2240 7.7655 0.5000
37 1 0 0 6.1130 8.1582 0.5000
37 1 0 0 5.7730 8.1582 0.5000
37 1 0 0 5.8190 8.1582 0.5000
37 1 0 0 6.2890 8.1582 0.5000
37 1 0 0 5.7180 8.1582 0.5000
37 1 0 0 5.7710 8.1582 0.5000
37 1 0 0 5.7540 8.1582 0.5000
37 1 0 0 5.7290 8.1582 0.5000
37 1 0 0 5.7800 8.1582 0.5000
37 1 0 0 5.7640 8.1582 0.5000
37 1 0 0 5.9000 8.1582 0.5000
37 1 0 0 5.8410 8.1582 0.5000
37 1 0 0 5.7230 8.1582 0.5000
37 1 0 0 6.1660 8.1582 0.5000
37 1 0 0 6.1540 8.1582 0.5000
37 1 0 0 5.7930 8.1582 0.5000
37 1 0 0 5.7080 8.1582 0.5000
37 1 0 0 5.7050 8.1582 0.5000
37 1 0 0 5.8140 8.1582 0.5000
37 1 0 0 5.7030 8.1582 0.5000
38 1 0 0 6.0490 8.3833 0.5000
38 1 0 0 5.7860 8.3833 0.5000
38 1 0 0 5.7940 8.3833 0.5000
38 1 0 0 6.2220 8.3833 0.5000
38 1 0 0 5.7630 8.3833 0.5000
38 1 0 0 5.8600 8.3833 0.5000
38 1 0 0 6.2100 8.3833 0.5000
38 1 0 0 5.8790 8.3833 0.5000
38 1 0 0 5.7740 8.3833 0.5000
38 1 0 0 5.7740 8.3833 0.5000
38 1 0 0 6.2360 8.3833 0.5000
38 1 0 0 5.8320 8.3833 0.5000
38 1 0 0 6.2680 8.3833 0.5000
38 1 0 0 5.8130 8.3833 0.5000
38 1 0 0 5.8680 8.3833 0.5000
38 1 0 0 5.8710 8.3833 0.5000
38 1 0 0 5.8140 8.3833 0.5000
38 1 0 0 5.7550 8.3833 0.5000
38 1 0 0 5.7700 8.3833 0.5000
38 1 0 0 5.7850 8.3833 0.5000
39 1 0 0 7.9060 8.0287 0.5000
39 1 0 0 8.8910 8.0287 0.5000
39 1 0 0 7.9530 8.0287 0.5000
39 1 0 0 9.7630 8.0287 0.5000
39 1 0 0 9.7820 8.0287 0.5000
39 1 0 0 8.6840 8.0287 0.5000
39 1 0 0 11.8980 8.0287 0.5000
39 1 0 0 8.9890 8.0287 0.5000
39 0 0 0 12.3690 8.0287 0.0000
39 1 0 0 9.5760 8.0287 0.5000
39 1 0 0 8.5310 8.0287 0.5000
39 1 0 0 17.8670 8.0287 0.4494
39 0 0 0 9.0330 8.0287 0.0000
39 1 0 0 9.7050 8.0287 0.5000
39 1 0 0 10.1240 8.0287 0.5000
39 1 0 0 8.6060 8.0287 0.5000
39 1 0 0 9.5900 8.0287 0.5000
39 1 0 0 7.4340 8.0287 0.5000
39 1 0 0 9.2010 8.0287 0.5000
39 1 0 0 8.5930 8.0287 0.5000
40 0 0 0 10.1190 7.8574 0.0000
40 1 0 0 11.5210 7.8574 0.5000
40 1 0 0 7.0140 7.8574 0.5000
40 1 0 0 18.5640 7.8574 0.4233
40 1 0 0 15.3280 7.8574 0.5000
40 1 0 0 10.7480 7.8574 0.5000
40 1 0 0 7.3380 7.8574 0.5000
40 1 0 0 6.8850 7.8574 0.5000
40 0 0 0 10.2640 7.8574 0.0000
40 1 0 0 6.9820 7.8574 0.5000
40 1 0 0 13.0330 7.8574 0.5000
40 1 0 0 10.4990 7.8574 0.5000
40 1 0 0 6.7320 7.8574 0.5000
40 1 0 0 7.1070 7.8574 0.5000
40 1 0 0 7.3110 7.8574 0.5000
40 1 0 0 15.0200 7.8574 0.5000
40 1 0 0 12.8440 7.8574 0.5000
40 1 0 0 11.3910 7.8574 0.5000
40 1 0 0 6.7880 7.8574 0.5000
40 1 0 0 6.4550 7.8574 0.5000
41 1 0 0 6.6270 7.8746 0.5000
41 1 0 0 7.0360 7.8746 0.5000
41 1 0 0 6.4930 7.8746 0.5000
41 1 0 0 6.2120 7.8746 0.5000
41 1 0 0 6.2240 7.8746 0.5000
41 1 0 0 6.3000 7.8746 0.5000
41 1 0 0 6.2720 7.8746 0.5000
41 1 0 0 6.2840 7.8746 0.5000
41 1 0 0 6.4090 7.8746 0.5000
41 1 0 0 6.1350 7.8746 0.5000
41 1 0 0 6.2760 7.8746 0.5000
41 1 0 0 6.3760 7.8746 0.5000
41 1 0 0 6.2930 7.8746 0.5000
41 1 0 0 6.4380 7.8746 0.5000
41 1 0 0 6.3550 7.8746 0.5000
41 1 0 0 6.4880 7.8746 0.5000
41 1 0 0 7.0730 7.8746 0.5000
41 1 0 0 5.8820 7.8746 0.5000
41 1 0 0 6.4370 7.8746 0.5000
41 1 0 0 5.8910 7.8746 0.5000
42 1 0 0 8.4640 8.0423 0.5000
42 1 0 0 7.3390 8.0423 0.5000
42 1 0 0 6.9270 8.0423 0.5000
42 1 0 0 7.4860 8.0423 0.5000
42 1 0 0 10.7940 8.0423 0.5000
42 1 0 0 7.0600 8.0423 0.5000
42 1 0 0 7.0360 8.0423 0.5000
42 1 0 0 7.5440 8.0423 0.5000
42 1 0 0 7.5190 8.0423 0.5000
42 1 0 0 10.6470 8.0423 0.5000
42 1 0 0 7.4490 8.0423 0.5000
42 1 0 0 6.9050 8.0423 0.5000
42 1 0 0 7.3340 8.0423 0.5000
42 1 0 0 11.7550 8.0423 0.5000
42 1 0 0 7.0610 8.0423 0.5000
42 1 0 0 7.4450 8.0423 0.5000
42 1 0 0 7.3810 8.0423 0.5000
42 1 0 0 15.6280 8.0423 0.5000
42 0 0 0 8.6220 8.0423 0.0000
42 1 0 0 9.7060 8.0423 0.5000
43 1 0 0 6.1890 8.0669 0.5000
43 1 0 0 5.9980 8.0669 0.5000
43 1 0 0 6.1320 8.0669 0.5000
43 1 0 0 5.8130 8.0669 0.5000
43 1 0 0 5.8770 8.0669 0.5000
43 1 0 0 6.0620 8.0669 0.5000
43 1 0 0 5.8540 8.0669 0.5000
43 1 0 0 5.9090 8.0669 0.5000
43 1 0 0 5.8060 8.0669 0.5000
43 1 0 0 5.9160 8.0669 0.5000
43 1 0 0 6.2900 8.0669 0.5000
43 1 0 0 5.8600 8.0669 0.5000
43 1 0 0 6.2580 8.0669 0.5000
43 1 0 0 6.1670 8.0669 0.5000
43 1 0 0 5.8710 8.0669 0.5000
43 1 0 0 5.9430 8.0669 0.5000
43 1 0 0 6.3410 8.0669 0.5000
43 1 0 0 6.3680 8.0669 0.5000
43 1 0 0 6.1560 8.0669 0.5000
43 1 0 0 6.3670 8.0669 0.5000
44 1 0 0 6.1830 8.4001 0.5000
44 1 0 0 6.2870 8.4001 0.5000
44 1 0 0 6.2710 8.4001 0.5000
44 1 0 0 6.3540 8.4001 0.5000
44 1 0 0 5.9180 8.4001 0.5000
44 1 0 0 6.2920 8.4001 0.5000
44 1 0 0 6.2530 8.4001 0.5000
44 1 0 0 5.8620 8.4001 0.5000
44 1 0 0 5.8610 8.4001 0.5000
44 1 0 0 6.2830 8.4001 0.5000
44 1 0 0 6.2730 8.4001 0.5000
44 1 0 0 6.2340 8.4001 0.5000
44 1 0 0 5.9130 8.4001 0.5000
44 1 0 0 6.1520 8.4001 0.5000
44 1 0 0 5.8340 8.4001 0.5000
44 1 0 0 5.8200 8.4001 0.5000
44 1 0 0 5.7740 8.4001 0.5000
44 1 0 0 5.8380 8.4001 0.5000
44 1 0 0 6.2860 8.4001 0.5000
44 1 0 0 5.7810 8.4001 0.5000
45 1 0 0 6.1690 8.4464 0.5000
45 1 0 0 5.8250 8.4464 0.5000
45 1 0 0 5.8930 8.4464 0.5000
45 1 0 0 5.9320 8.4464 0.5000
45 1 0 0 6.2350 8.4464 0.5000
45 1 0 0 6.0280 8.4464 0.5000
45 1 0 0 6.2560 8.4464 0.5000
45 1 0 0 5.8370 8.4464 0.5000
45 1 0 0 5.9740 8.4464 0.5000
45 1 0 0 5.8950 8.4464 0.5000
45 1 0 0 6.0090 8.4464 0.5000
45 1 0 0 5.9700 8.4464 0.5000
45 1 0 0 5.8250 8.4464 0.5000
45 1 0 0 6.2480 8.4464 0.5000
45 1 0 0 5.8240 8.4464 0.5000
45 1 0 0 5.8540 8.4464 0.5000
45 1 0 0 5.8250 8.4464 0.5000
45 1 0 0 5.9290 8.4464 0.5000
45 1 0 0 6.2430 8.4464 0.5000
45 1 0 0 6.0090 8.4464 0.5000
46 0 0 0 6.8210 7.7710 0.0000
46 1 0 0 11.2550 7.7710 0.5000
46 0 0 0 5.8090 7.7710 0.0000
46 1 0 0 22.1660 7.7710 0.3506
46 0 0 0 5.2560 7.7710 0.0000
46 0 0 0 19.4480 7.7710 0.0000
46 1 0 0 10.0280 7.7710 0.5000
46 1 0 0 10.8920 7.7710 0.5000
46 1 0 0 12.8310 7.7710 0.5000
46 0 0 0 4.6930 7.7710 0.0000
46 1 0 0 11.8360 7.7710 0.5000
46 1 0 0 17.7010 7.7710 0.4390
46 0 0 0 5.2340 7.7710 0.0000
46 0 0 0 17.2780 7.7710 0.0000
46 0 0 0 5.2810 7.7710 0.0000
46 1 0 0 10.1800 7.7710 0.5000
46 0 0 0 8.6800 7.7710 0.0000
46 0 0 0 14.9510 7.7710 0.0000
46 0 0 0 9.2570 7.7710 0.0000
46 1 0 0 9.9240 7.7710 0.5000
47 1 0 0 6.1210 7.8125 0.5000
47 1 0 0 5.7370 7.8125 0.5000
47 1 0 0 5.7680 7.8125 0.5000
47 1 0 0 5.7370 7.8125 0.5000
47 1 0 0 5.9140 7.8125 0.5000
47 1 0 0 6.2430 7.8125 0.5000
47 1 0 0 5.8890 7.8125 0.5000
47 1 0 0 5.7370 7.8125 0.5000
47 1 0 0 5.8600 7.8125 0.5000
47 1 0 0 5.7470 7.8125 0.5000
47 1 0 0 5.7530 7.8125 0.5000
47 1 0 0 5.8350 7.8125 0.5000
47 1 0 0 5.7800 7.8125 0.5000
47 1 0 0 5.8280 7.8125 0.5000
47 1 0 0 5.7730 7.8125 0.5000
47 1 0 0 5.7030 7.8125 0.5000
47 1 0 0 5.7990 7.8125 0.5000
47 1 0 0 5.8520 7.8125 0.5000
47 1 0 0 5.7970 7.8125 0.5000
47 1 0 0 5.8500 7.8125 0.5000
48 1 0 0 6.0810 8.1198 0.5000
48 1 0 0 6.2290 8.1198 0.5000
48 1 0 0 5.8390 8.1198 0.5000
48 1 0 0 6.2260 8.1198 0.5000
48 1 0 0 5.8000 8.1198 0.5000
48 1 0 0 6.2530 8.1198 0.5000
48 1 0 0 6.3190 8.1198 0.5000
48 1 0 0 6.2470 8.1198 0.5000
48 1 0 0 6.2820 8.1198 0.5000
48 1 0 0 5.8030 8.1198 0.5000
48 1 0 0 6.2410 8.1198 0.5000
48 1 0 0 6.2800 8.1198 0.5000
48 1 0 0 6.3190 8.1198 0.5000
48 1 0 0 5.8730 8.1198 0.5000
48 1 0 0 6.1940 8.1198 0.5000
48 1 0 0 6.2080 8.1198 0.5000
48 1 0 0 6.2920 8.1198 0.5000
48 1 0 0 5.8520 8.1198 0.5000
48 1 0 0 6.2720 8.1198 0.5000
48 1 0 0 6.2360 8.1198 0.5000
49 0 0 0 55.1340 8.3051 0.0000
49 1 0 0 12.6250 8.3051 0.5000
49 0 0 0 10.3630 8.3051 0.0000
49 1 0 0 20.3870 8.3051 0.4074
49 0 0 0 10.8110 8.3051 0.0000
49 0 0 0 33.2670 8.3051 0.0000
49 0 0 0 36.1500 8.3051 0.0000
49 0 0 0 30.7980 8.3051 0.0000
49 0 0 0 24.9120 8.3051 0.0000
49 1 0 0 13.0550 8.3051 0.5000
49 1 0 0 12.5010 8.3051 0.5000
49 0 0 0 14.6360 8.3051 0.0000
49 1 0 0 12.3760 8.3051 0.5000
49 0 0 0 34.8520 8.3051 0.0000
49 0 0 0 21.5070 8.3051 0.0000
49 0 0 0 35.5450 8.3051 0.0000
49 1 0 0 14.7240 8.3051 0.5000
49 0 0 0 35.4690 8.3051 0.0000
49 1 0 0 12.3930 8.3051 0.5000
49 1 0 0 35.5990 8.3051 0.2333
50 1 0 0 6.0160 8.6067 0.5000
50 1 0 0 6.3790 8.6067 0.5000
50 1 0 0 6.1920 8.6067 0.5000
50 1 0 0 5.7910 8.6067 0.5000
50 1 0 0 6.2210 8.6067 0.5000
50 1 0 0 5.8200 8.6067 0.5000
50 1 0 0 6.2320 8.6067 0.5000
50 1 0 0 6.1730 8.6067 0.5000
50 1 0 0 6.1260 8.6067 0.5000
50 1 0 0 6.1770 8.6067 0.5000
50 1 0 0 5.8300 8.6067 0.5000
50 1 0 0 6.2550 8.6067 0.5000
50 1 0 0 5.8350 8.6067 0.5000
50 1 0 0 5.9020 8.6067 0.5000
50 1 0 0 5.8120 8.6067 0.5000
50 1 0 0 5.7560 8.6067 0.5000
50 1 0 0 5.8890 8.6067 0.5000
50 1 0 0 6.2640 8.6067 0.5000
50 1 0 0 6.1880 8.6067 0.5000
50 1 0 0 6.2750 8.6067 0.5000
51 1 0 0 6.0380 7.9923 0.5000
51 1 0 0 6.1500 7.9923 0.5000
51 1 0 0 6.3370 7.9923 0.5000
51 1 0 0 6.1700 7.9923 0.5000
51 1 0 0 6.2070 7.9923 0.5000
51 1 0 0 6.2460 7.9923 0.5000
51 1 0 0 6.1920 7.9923 0.5000
51 1 0 0 6.2410 7.9923 0.5000
51 1 0 0 6.2440 7.9923 0.5000
51 1 0 0 6.2530 7.9923 0.5000
51 1 0 0 6.2370 7.9923 0.5000
51 1 0 0 6.3870 7.9923 0.5000
51 1 0 0 6.2760 7.9923 0.5000
51 1 0 0 6.4180 7.9923 0.5000
51 1 0 0 6.3270 7.9923 0.5000
51 1 0 0 6.2200 7.9923 0.5000
51 1 0 0 6.3210 7.9923 0.5000
51 1 0 0 6.2350 7.9923 0.5000
51 1 0 0 6.2490 7.9923 0.5000
51 1 0 0 6.2710 7.9923 0.5000
52 1 0 0 9.2930 7.8009 0.5000
52 1 0 0 8.5440 7.8009 0.5000
52 1 0 0 8.5040 7.8009 0.5000
52 1 0 0 8.5900 7.8009 0.5000
52 1 0 0 10.8070 7.8009 0.5000
52 1 0 0 8.6460 7.8009 0.5000
52 1 0 0 8.3850 7.8009 0.5000
52 1 0 0 8.5750 7.8009 0.5000
52 1 0 0 8.6410 7.8009 0.5000
52 1 0 0 8.0850 7.8009 0.5000
52 1 0 0 8.6110 7.8009 0.5000
52 1 0 0 8.5580 7.8009 0.5000
52 1 0 0 8.6960 7.8009 0.5000
52 1 0 0 8.6030 7.8009 0.5000
52 1 0 0 8.4860 7.8009 0.5000
52 1 0 0 8.4530 7.8009 0.5000
52 1 0 0 8.0230 7.8009 0.5000
52 1 0 0 8.6650 7.8009 0.5000
52 1 0 0 7.9960 7.8009 0.5000
52 1 0 0 8.5200 7.8009 0.5000
53 1 0 0 6.0850 7.8473 0.5000
53 1 0 0 5.7000 7.8473 0.5000
53 1 0 0 5.8020 7.8473 0.5000
53 1 0 0 5.7910 7.8473 0.5000
53 1 0 0 5.8460 7.8473 0.5000
53 1 0 0 5.7550 7.8473 0.5000
53 1 0 0 5.7450 7.8473 0.5000
53 1 0 0 5.7490 7.8473 0.5000
53 1 0 0 5.7730 7.8473 0.5000
53 1 0 0 5.7090 7.8473 0.5000
53 1 0 0 5.8410 7.8473 0.5000
53 1 0 0 5.7650 7.8473 0.5000
53 1 0 0 6.1840 7.8473 0.5000
53 1 0 0 5.8250 7.8473 0.5000
53 1 0 0 5.7100 7.8473 0.5000
53 1 0 0 5.7620 7.8473 0.5000
53 1 0 0 5.7710 7.8473 0.5000
53 1 0 0 5.8020 7.8473 0.5000
53 1 0 0 5.8060 7.8473 0.5000
53 1 0 0 5.8400 7.8473 0.5000
54 1 0 0 5.9760 7.9491 0.5000
54 1 0 0 5.8910 7.9491 0.5000
54 1 0 0 5.6620 7.9491 0.5000
54 1 0 0 6.2260 7.9491 0.5000
54 1 0 0 6.1750 7.9491 0.5000
54 1 0 0 5.8400 7.9491 0.5000
54 1 0 0 5.8510 7.9491 0.5000
54 1 0 0 5.7050 7.9491 0.5000
54 1 0 0 5.7380 7.9491 0.5000
54 1 0 0 5.8360 7.9491 0.5000
54 1 0 0 6.1980 7.9491 0.5000
54 1 0 0 6.1510 7.9491 0.5000
54 1 0 0 5.7280 7.9491 0.5000
54 1 0 0 6.1420 7.9491 0.5000
54 1 0 0 5.8470 7.9491 0.5000
54 1 0 0 6.1680 7.9491 0.5000
54 1 0 0 5.9370 7.9491 0.5000
54 1 0 0 5.8630 7.9491 0.5000
54 1 0 0 5.6720 7.9491 0.5000
54 1 0 0 6.2600 7.9491 0.5000
55 1 0 0 7.3410 8.5876 0.5000
55 1 0 0 7.9830 8.5876 0.5000
55 1 0 0 7.5050 8.5876 0.5000
55 1 0 0 6.9900 8.5876 0.5000
55 1 0 0 7.4640 8.5876 0.5000
55 1 0 0 6.8350 8.5876 0.5000
55 1 0 0 7.5270 8.5876 0.5000
55 1 0 0 7.4330 8.5876 0.5000
55 1 0 0 7.6050 8.5876 0.5000
55 1 0 0 7.9150 8.5876 0.5000
55 1 0 0 7.4830 8.5876 0.5000
55 1 0 0 7.4830 8.5876 0.5000
55 1 0 0 6.8490 8.5876 0.5000
55 1 0 0 6.9040 8.5876 0.5000
55 1 0 0 7.6450 8.5876 0.5000
55 1 0 0 7.5080 8.5876 0.5000
55 1 0 0 7.5090 8.5876 0.5000
55 1 0 0 6.8970 8.5876 0.5000
55 1 0 0 8.0610 8.5876 0.5000
55 1 0 0 7.9030 8.5876 0.5000
56 1 0 0 6.0030 7.7156 0.5000
56 1 0 0 6.2040 7.7156 0.5000
56 1 0 0 6.1940 7.7156 0.5000
56 1 0 0 6.2510 7.7156 0.5000
56 1 0 0 6.2940 7.7156 0.5000
56 1 0 0 5.9110 7.7156 0.5000
56 1 0 0 5.7700 7.7156 0.5000
56 1 0 0 6.2170 7.7156 0.5000
56 1 0 0 6.2380 7.7156 0.5000
56 1 0 0 6.3420 7.7156 0.5000
56 1 0 0 6.3020 7.7156 0.5000
56 1 0 0 6.2670 7.7156 0.5000
56 1 0 0 6.2250 7.7156 0.5000
56 1 0 0 6.1930 7.7156 0.5000
56 1 0 0 6.3410 7.7156 0.5000
56 1 0 0 6.1550 7.7156 0.5000
56 1 0 0 6.3350 7.7156 0.5000
56 1 0 0 6.2640 7.7156 0.5000
56 1 0 0 6.3140 7.7156 0.5000
56 1 0 0 6.2530 7.7156 0.5000
57 1 0 0 8.3690 7.8134 0.5000
57 1 0 0 10.5510 7.8134 0.5000
57 1 0 0 9.6680 7.8134 0.5000
57 0 0 0 6.4890 7.8134 0.0000
57 1 0 0 12.2890 7.8134 0.5000
57 1 0 0 9.7040 7.8134 0.5000
57 1 0 0 8.4800 7.8134 0.5000
57 1 0 0 8.6110 7.8134 0.5000
57 1 0 0 8.2870 7.8134 0.5000
57 1 0 0 6.7650 7.8134 0.5000
57 1 0 0 8.0880 7.8134 0.5000
57 1 0 0 8.5960 7.8134 0.5000
57 1 0 0 8.5280 7.8134 0.5000
57 1 0 0 7.8920 7.8134 0.5000
57 1 0 0 8.9640 7.8134 0.5000
57 1 0 0 6.8270 7.8134 0.5000
57 1 0 0 8.4020 7.8134 0.5000
57 1 0 0 8.0890 7.8134 0.5000
57 1 0 0 8.5790 7.8134 0.5000
57 1 0 0 9.5510 7.8134 0.5000
58 1 0 0 8.2720 8.9805 0.5000
58 0 0 0 6.3470 8.9805 0.0000
58 0 0 0 16.5640 8.9805 0.0000
58 0 0 0 4.4890 8.9805 0.0000
58 1 0 0 12.3820 8.9805 0.5000
58 1 0 0 10.3210 8.9805 0.5000
58 1 0 0 7.8880 8.9805 0.5000
58 0 0 0 14.7560 8.9805 0.0000
58 1 0 0 14.1760 8.9805 0.5000
58 1 0 0 16.8470 8.9805 0.5000
58 0 0 0 10.7840 8.9805 0.0000
58 1 0 0 34.2850 8.9805 0.2619
58 1 0 0 9.7210 8.9805 0.5000
58 1 0 0 11.1010 8.9805 0.5000
58 1 0 0 7.9110 8.9805 0.5000
58 1 0 0 9.0890 8.9805 0.5000
58 1 0 0 9.6710 8.9805 0.5000
58 1 0 0 10.7310 8.9805 0.5000
58 0 0 0 13.0010 8.9805 0.0000
58 1 0 0 8.5080 8.9805 0.5000
59 1 0 0 13.1880 8.1423 0.5000
59 1 0 0 10.1700 8.1423 0.5000
59 1 0 0 9.0270 8.1423 0.5000
59 1 0 0 10.1960 8.1423 0.5000
59 0 0 0 8.1840 8.1423 0.0000
59 1 0 0 9.6420 8.1423 0.5000
59 1 0 0 8.6850 8.1423 0.5000
59 0 0 0 9.1220 8.1423 0.0000
59 1 0 0 13.8080 8.1423 0.5000
59 1 0 0 12.8850 8.1423 0.5000
59 1 0 0 11.3800 8.1423 0.5000
59 1 0 0 8.4770 8.1423 0.5000
59 0 0 0 10.1330 8.1423 0.0000
59 1 0 0 9.9590 8.1423 0.5000
59 1 0 0 8.7100 8.1423 0.5000
59 0 0 0 9.1190 8.1423 0.0000
59 1 0 0 10.2160 8.1423 0.5000
59 1 0 0 9.2700 8.1423 0.5000
59 1 0 0 8.6330 8.1423 0.5000
59 1 0 0 10.9810 8.1423 0.5000
60 1 0 0 5.9910 7.9057 0.5000
60 1 0 0 6.1520 7.9057 0.5000
60 1 0 0 5.7460 7.9057 0.5000
60 1 0 0 6.2230 7.9057 0.5000
60 1 0 0 5.7700 7.9057 0.5000
60 1 0 0 5.7900 7.9057 0.5000
60 1 0 0 6.2490 7.9057 0.5000
60 1 0 0 5.7960 7.9057 0.5000
60 1 0 0 6.2860 7.9057 0.5000
60 1 0 0 5.8340 7.9057 0.5000
60 1 0 0 5.9080 7.9057 0.5000
60 1 0 0 6.2530 7.9057 0.5000
60 1 0 0 5.8600 7.9057 0.5000
60 1 0 0 6.2400 7.9057 0.5000
60 1 0 0 6.1790 7.9057 0.5000
60 1 0 0 6.2450 7.9057 0.5000
60 1 0 0 5.8660 7.9057 0.5000
60 1 0 0 5.8250 7.9057 0.5000
60 1 0 0 6.2190 7.9057 0.5000
60 1 0 0 6.2770 7.9057 0.5000
61 1 0 0 6.1250 7.9289 0.5000
61 1 0 0 6.2590 7.9289 0.5000
61 1 0 0 6.8860 7.9289 0.5000
61 1 0 0 6.2530 7.9289 0.5000
61 1 0 0 6.2070 7.9289 0.5000
61 1 0 0 5.9110 7.9289 0.5000
61 1 0 0 6.2710 7.9289 0.5000
61 1 0 0 6.1900 7.9289 0.5000
61 1 0 0 6.1520 7.9289 0.5000
61 1 0 0 6.2570 7.9289 0.5000
61 1 0 0 6.2300 7.9289 0.5000
61 1 0 0 5.8190 7.9289 0.5000
61 1 0 0 6.3180 7.9289 0.5000
61 1 0 0 6.3160 7.9289 0.5000
61 1 0 0 6.2790 7.9289 0.5000
61 1 0 0 6.1760 7.9289 0.5000
61 1 0 0 6.1270 7.9289 0.5000
61 1 0 0 5.8280 7.9289 0.5000
61 1 0 0 6.2360 7.9289 0.5000
61 1 0 0 6.1660 7.9289 0.5000
62 1 0 0 6.0760 8.3808 0.5000
62 1 0 0 5.7420 8.3808 0.5000
62 1 0 0 6.2080 8.3808 0.5000
62 1 0 0 5.7160 8.3808 0.5000
62 1 0 0 5.7500 8.3808 0.5000
62 1 0 0 5.7570 8.3808 0.5000
62 1 0 0 5.7810 8.3808 0.5000
62 1 0 0 5.7160 8.3808 0.5000
62 1 0 0 6.1320 8.3808 0.5000
62 1 0 0 5.7890 8.3808 0.5000
62 1 0 0 5.8060 8.3808 0.5000
62 1 0 0 5.8660 8.3808 0.5000
62 1 0 0 5.7390 8.3808 0.5000
62 1 0 0 5.8280 8.3808 0.5000
62 1 0 0 5.8740 8.3808 0.5000
62 1 0 0 5.7380 8.3808 0.5000
62 1 0 0 5.7570 8.3808 0.5000
62 1 0 0 5.8120 8.3808 0.5000
62 1 0 0 5.7110 8.3808 0.5000
62 1 0 0 6.1930 8.3808 0.5000
63 1 0 0 7.8990 7.7779 0.5000
63 1 0 0 7.9020 7.7779 0.5000
63 1 0 0 8.0790 7.7779 0.5000
63 1 0 0 7.9010 7.7779 0.5000
63 1 0 0 7.9070 7.7779 0.5000
63 1 0 0 7.9260 7.7779 0.5000
63 1 0 0 7.9690 7.7779 0.5000
63 1 0 0 8.0390 7.7779 0.5000
63 1 0 0 7.9830 7.7779 0.5000
63 1 0 0 7.9160 7.7779 0.5000
63 1 0 0 7.4850 7.7779 0.5000
63 1 0 0 7.9330 7.7779 0.5000
63 1 0 0 10.6850 7.7779 0.5000
63 1 0 0 7.9920 7.7779 0.5000
63 1 0 0 8.0840 7.7779 0.5000
63 1 0 0 7.9300 7.7779 0.5000
63 1 0 0 9.6420 7.7779 0.5000
63 1 0 0 7.4060 7.7779 0.5000
63 1 0 0 7.9770 7.7779 0.5000
63 1 0 0 8.0070 7.7779 0.5000
64 1 0 0 28.2380 7.9270 0.2807
64 0 0 0 15.1210 7.9270 0.0000
64 0 0 0 9.2520 7.9270 0.0000
64 0 0 0 9.2070 7.9270 0.0000
64 0 0 0 21.0140 7.9270 0.0000
64 1 0 0 17.9930 7.9270 0.4406
64 1 0 0 15.3190 7.9270 0.5000
64 0 0 0 55.3300 7.9270 0.0000
64 0 0 0 19.6470 7.9270 0.0000
64 1 0 0 14.3800 7.9270 0.5000
64 1 0 0 14.7920 7.9270 0.5000
64 1 0 0 19.0700 7.9270 0.4157
64 0 0 0 16.1970 7.9270 0.0000
64 1 0 0 18.4140 7.9270 0.4305
64 0 0 0 55.1600 7.9270 0.0000
64 0 0 0 10.1660 7.9270 0.0000
64 1 0 0 19.4790 7.9270 0.4070
64 1 0 0 13.6450 7.9270 0.5000
64 0 0 0 10.1460 7.9270 0.0000
64 0 0 0 11.2170 7.9270 0.0000
65 1 0 0 6.1260 8.4451 0.5000
65 1 0 0 6.2200 8.4451 0.5000
65 1 0 0 6.2020 8.4451 0.5000
65 1 0 0 6.1930 8.4451 0.5000
65 1 0 0 5.8050 8.4451 0.5000
65 1 0 0 5.7570 8.4451 0.5000
65 1 0 0 6.2600 8.4451 0.5000
65 1 0 0 5.8380 8.4451 0.5000
65 1 0 0 6.3520 8.4451 0.5000
65 1 0 0 6.2420 8.4451 0.5000
65 1 0 0 6.4590 8.4451 0.5000
65 1 0 0 6.2570 8.4451 0.5000
65 1 0 0 6.2630 8.4451 0.5000
65 1 0 0 6.2750 8.4451 0.5000
65 1 0 0 5.8650 8.4451 0.5000
65 1 0 0 6.2400 8.4451 0.5000
65 1 0 0 6.2400 8.4451 0.5000
65 1 0 0 6.3030 8.4451 0.5000
65 1 0 0 6.2810 8.4451 0.5000
65 1 0 0 6.2840 8.4451 0.5000
66 0 0 0 12.1870 7.8316 0.0000
66 0 0 0 15.2400 7.8316 0.0000
66 0 0 0 13.4520 7.8316 0.0000
66 0 0 0 19.7920 7.8316 0.0000
66 0 0 0 21.5440 7.8316 0.0000
66 0 0 0 22.0150 7.8316 0.0000
66 1 0 0 7.7840 7.8316 0.5000
66 0 0 0 14.1290 7.8316 0.0000
66 0 0 0 19.7020 7.8316 0.0000
66 0 0 0 22.7850 7.8316 0.0000
66 1 0 0 7.9460 7.8316 0.5000
66 1 0 0 7.4580 7.8316 0.5000
66 0 0 0 34.8910 7.8316 0.0000
66 0 0 0 14.3870 7.8316 0.0000
66 0 0 0 24.4880 7.8316 0.0000
66 0 0 0 16.9610 7.8316 0.0000
66 1 0 0 24.6580 7.8316 0.3176
66 0 0 0 12.2280 7.8316 0.0000
66 0 0 0 20.6220 7.8316 0.0000
66 0 0 0 14.0860 7.8316 0.0000
67 1 0 0 8.2940 7.6937 0.5000
67 1 0 0 7.4530 7.6937 0.5000
67 1 0 0 7.4740 7.6937 0.5000
67 1 0 0 6.8540 7.6937 0.5000
67 1 0 0 6.9520 7.6937 0.5000
67 1 0 0 7.9770 7.6937 0.5000
67 1 0 0 6.7270 7.6937 0.5000
67 1 0 0 6.8760 7.6937 0.5000
67 1 0 0 8.5410 7.6937 0.5000
67 1 0 0 6.8790 7.6937 0.5000
67 1 0 0 7.4310 7.6937 0.5000
67 1 0 0 19.8890 7.6937 0.3868
67 1 0 0 6.8280 7.6937 0.5000
67 0 0 0 4.8500 7.6937 0.0000
67 1 0 0 6.8530 7.6937 0.5000
67 1 0 0 6.7110 7.6937 0.5000
67 1 0 0 6.9160 7.6937 0.5000
67 1 0 0 10.7620 7.6937 0.5000
67 1 0 0 6.8430 7.6937 0.5000
67 1 0 0 6.8460 7.6937 0.5000
68 1 0 0 6.6120 8.2917 0.5000
68 1 0 0 6.3670 8.2917 0.5000
68 1 0 0 6.6970 8.2917 0.5000
68 1 0 0 6.9310 8.2917 0.5000
68 1 0 0 6.5740 8.2917 0.5000
68 1 0 0 6.5640 8.2917 0.5000
68 1 0 0 6.2840 8.2917 0.5000
68 1 0 0 6.2310 8.2917 0.5000
68 1 0 0 6.3830 8.2917 0.5000
68 1 0 0 6.7770 8.2917 0.5000
68 1 0 0 6.3970 8.2917 0.5000
68 1 0 0 6.3320 8.2917 0.5000
68 1 0 0 6.2570 8.2917 0.5000
68 1 0 0 6.4100 8.2917 0.5000
68 1 0 0 6.7160 8.2917 0.5000
68 1 0 0 6.3120 8.2917 0.5000
68 1 0 0 6.8780 8.2917 0.5000
68 1 0 0 6.8740 8.2917 0.5000
68 1 0 0 6.7710 8.2917 0.5000
68 1 0 0 7.2640 8.2917 0.5000
69 0 0 0 29.5970 8.1977 0.0000
69 1 0 0 25.1080 8.1977 0.3265
69 0 0 0 10.5030 8.1977 0.0000
69 0 0 0 24.0810 8.1977 0.0000
69 0 0 0 17.3100 8.1977 0.0000
69 0 0 0 34.5390 8.1977 0.0000
69 0 0 0 26.3950 8.1977 0.0000
69 0 0 0 14.7820 8.1977 0.0000
69 0 0 0 37.0910 8.1977 0.0000
69 0 0 0 14.5530 8.1977 0.0000
69 0 0 0 11.9860 8.1977 0.0000
69 0 0 0 15.5670 8.1977 0.0000
69 1 0 0 19.4140 8.1977 0.4223
69 0 0 0 13.2360 8.1977 0.0000
69 0 0 0 18.5600 8.1977 0.0000
69 0 0 0 15.7130 8.1977 0.0000
69 0 0 0 21.2350 8.1977 0.0000
69 0 0 0 52.6430 8.1977 0.0000
69 0 0 0 30.7630 8.1977 0.0000
69 1 0 0 15.3610 8.1977 0.5000
70 1 0 0 6.5830 7.9155 0.5000
70 1 0 0 6.2750 7.9155 0.5000
70 1 0 0 6.3530 7.9155 0.5000
70 1 0 0 6.3230 7.9155 0.5000
70 1 0 0 6.3400 7.9155 0.5000
70 1 0 0 6.7640 7.9155 0.5000
70 1 0 0 6.2140 7.9155 0.5000
70 1 0 0 6.2410 7.9155 0.5000
70 1 0 0 6.1470 7.9155 0.5000
70 1 0 0 6.2920 7.9155 0.5000
70 1 0 0 6.2940 7.9155 0.5000
70 1 0 0 6.3290 7.9155 0.5000
70 1 0 0 6.2710 7.9155 0.5000
70 1 0 0 6.3870 7.9155 0.5000
70 1 0 0 6.3210 7.9155 0.5000
70 1 0 0 6.4450 7.9155 0.5000
70 1 0 0 6.2620 7.9155 0.5000
70 1 0 0 6.8360 7.9155 0.5000
70 1 0 0 6.2640 7.9155 0.5000
70 1 0 0 6.3060 7.9155 0.5000
71 1 0 0 6.0510 7.8322 0.5000
71 1 0 0 5.8130 7.8322 0.5000
71 1 0 0 5.7930 7.8322 0.5000
71 1 0 0 5.7720 7.8322 0.5000
71 1 0 0 6.2420 7.8322 0.5000
71 1 0 0 5.7800 7.8322 0.5000
71 1 0 0 5.7830 7.8322 0.5000
71 1 0 0 5.7680 7.8322 0.5000
71 1 0 0 6.2300 7.8322 0.5000
71 1 0 0 5.7520 7.8322 0.5000
71 1 0 0 5.8140 7.8322 0.5000
71 1 0 0 5.8440 7.8322 0.5000
71 1 0 0 5.7710 7.8322 0.5000
71 1 0 0 6.2830 7.8322 0.5000
71 1 0 0 5.9680 7.8322 0.5000
71 1 0 0 6.2670 7.8322 0.5000
71 1 0 0 5.7880 7.8322 0.5000
71 1 0 0 6.0050 7.8322 0.5000
71 1 0 0 5.7250 7.8322 0.5000
71 1 0 0 6.1560 7.8322 0.5000
72 0 0 0 29.5400 7.7543 0.0000
72 1 0 0 17.5780 7.7543 0.4411
72 0 0 0 29.4220 7.7543 0.0000
72 0 0 0 29.1510 7.7543 0.0000
72 0 0 0 52.9640 7.7543 0.0000
72 0 0 0 25.6030 7.7543 0.0000
72 0 0 0 26.5190 7.7543 0.0000
72 0 0 0 46.9940 7.7543 0.0000
72 1 0 0 32.1260 7.7543 0.2414
72 0 0 0 17.0500 7.7543 0.0000
72 1 0 0 17.0970 7.7543 0.4535
72 0 0 0 28.2780 7.7543 0.0000
72 1 0 0 18.7410 7.7543 0.4138
72 0 0 0 25.7880 7.7543 0.0000
72 0 0 0 55.0840 7.7543 0.0000
72 0 0 0 19.4230 7.7543 0.0000
72 0 0 0 27.9730 7.7543 0.0000
72 0 0 0 55.3890 7.7543 0.0000
72 1 0 0 29.6370 7.7543 0.2616
72 0 0 0 55.0820 7.7543 0.0000
73 1 0 0 6.7520 8.2208 0.5000
73 1 0 0 6.8490 8.2208 0.5000
73 1 0 0 6.9140 8.2208 0.5000
73 1 0 0 7.3880 8.2208 0.5000
73 1 0 0 6.2730 8.2208 0.5000
73 1 0 0 6.8170 8.2208 0.5000
73 1 0 0 6.8240 8.2208 0.5000
73 1 0 0 6.4380 8.2208 0.5000
73 1 0 0 6.9110 8.2208 0.5000
73 1 0 0 6.9380 8.2208 0.5000
73 1 0 0 6.8250 8.2208 0.5000
73 1 0 0 6.4100 8.2208 0.5000
73 1 0 0 6.7670 8.2208 0.5000
73 1 0 0 6.2910 8.2208 0.5000
73 1 0 0 6.8710 8.2208 0.5000
73 1 0 0 6.2780 8.2208 0.5000
73 1 0 0 6.4050 8.2208 0.5000
73 1 0 0 6.3740 8.2208 0.5000
73 1 0 0 6.8430 8.2208 0.5000
73 1 0 0 6.8090 8.2208 0.5000
74 1 0 0 6.1550 8.5940 0.5000
74 1 0 0 5.8520 8.5940 0.5000
74 1 0 0 6.2740 8.5940 0.5000
74 1 0 0 6.3050 8.5940 0.5000
74 1 0 0 6.2650 8.5940 0.5000
74 1 0 0 5.9040 8.5940 0.5000
74 1 0 0 6.2480 8.5940 0.5000
74 1 0 0 6.2340 8.5940 0.5000
74 1 0 0 6.2210 8.5940 0.5000
74 1 0 0 6.2560 8.5940 0.5000
74 1 0 0 6.7880 8.5940 0.5000
74 1 0 0 6.2560 8.5940 0.5000
74 1 0 0 6.2700 8.5940 0.5000
74 1 0 0 6.2130 8.5940 0.5000
74 1 0 0 6.2670 8.5940 0.5000
74 1 0 0 6.8420 8.5940 0.5000
74 1 0 0 6.2440 8.5940 0.5000
74 1 0 0 6.2840 8.5940 0.5000
74 1 0 0 6.3310 8.5940 0.5000
74 1 0 0 6.3650 8.5940 0.5000
75 1 0 0 7.1360 7.8305 0.5000
75 1 0 0 6.4430 7.8305 0.5000
75 1 0 0 6.9410 7.8305 0.5000
75 1 0 0 6.7290 7.8305 0.5000
75 1 0 0 6.4160 7.8305 0.5000
75 1 0 0 7.0470 7.8305 0.5000
75 1 0 0 6.8590 7.8305 0.5000
75 1 0 0 10.3270 7.8305 0.5000
75 1 0 0 11.4690 7.8305 0.5000
75 1 0 0 6.9460 7.8305 0.5000
75 1 0 0 6.8830 7.8305 0.5000
75 1 0 0 6.8630 7.8305 0.5000
75 1 0 0 6.8220 7.8305 0.5000
75 1 0 0 6.8510 7.8305 0.5000
75 1 0 0 6.5060 7.8305 0.5000
75 1 0 0 6.9190 7.8305 0.5000
75 1 0 0 6.9790 7.8305 0.5000
75 1 0 0 6.8040 7.8305 0.5000
75 1 0 0 6.7780 7.8305 0.5000
75 1 0 0 6.9850 7.8305 0.5000
76 1 0 0 9.0970 7.8180 0.5000
76 1 0 0 9.1230 7.8180 0.5000
76 1 0 0 9.2320 7.8180 0.5000
76 1 0 0 10.5780 7.8180 0.5000
76 1 0 0 9.2590 7.8180 0.5000
76 1 0 0 9.1430 7.8180 0.5000
76 1 0 0 8.9720 7.8180 0.5000
76 1 0 0 9.5530 7.8180 0.5000
76 1 0 0 9.0410 7.8180 0.5000
76 1 0 0 9.1760 7.8180 0.5000
76 1 0 0 8.6220 7.8180 0.5000
76 1 0 0 9.1180 7.8180 0.5000
76 1 0 0 14.1060 7.8180 0.5000
76 1 0 0 9.1840 7.8180 0.5000
76 1 0 0 9.2590 7.8180 0.5000
76 1 0 0 9.1310 7.8180 0.5000
76 1 0 0 9.1700 7.8180 0.5000
76 1 0 0 8.7240 7.8180 0.5000
76 1 0 0 9.6490 7.8180 0.5000
76 1 0 0 8.5000 7.8180 0.5000
77 0 0 0 23.4040 7.8372 0.0000
77 0 0 0 36.8230 7.8372 0.0000
77 0 0 0 51.0820 7.8372 0.0000
77 0 0 0 29.4160 7.8372 0.0000
77 0 0 0 11.9840 7.8372 0.0000
77 0 0 0 32.2550 7.8372 0.0000
77 1 0 0 16.0970 7.8372 0.4869
77 1 0 0 19.1830 7.8372 0.4085
77 1 0 0 15.8780 7.8372 0.4936
77 0 0 0 18.6160 7.8372 0.0000
77 0 0 0 11.9450 7.8372 0.0000
77 0 0 0 55.0950 7.8372 0.0000
77 1 0 0 37.0870 7.8372 0.2113
77 1 0 0 15.1570 7.8372 0.5000
77 0 0 0 15.3740 7.8372 0.0000
77 0 0 0 26.0840 7.8372 0.0000
77 0 0 0 33.7540 7.8372 0.0000
77 0 0 0 23.1210 7.8372 0.0000
77 1 0 0 21.3120 7.8372 0.3677
77 1 0 0 18.7530 7.8372 0.4179
78 1 0 0 6.6290 9.0217 0.5000
78 1 0 0 6.7810 9.0217 0.5000
78 1 0 0 6.1060 9.0217 0.5000
78 1 0 0 6.3710 9.0217 0.5000
78 1 0 0 6.8570 9.0217 0.5000
78 1 0 0 6.4520 9.0217 0.5000
78 1 0 0 6.7990 9.0217 0.5000
78 1 0 0 6.8470 9.0217 0.5000
78 1 0 0 6.3230 9.0217 0.5000
78 1 0 0 7.3650 9.0217 0.5000
78 1 0 0 6.8080 9.0217 0.5000
78 1 0 0 6.8040 9.0217 0.5000
78 1 0 0 6.7960 9.0217 0.5000
78 1 0 0 6.8340 9.0217 0.5000
78 1 0 0 6.7110 9.0217 0.5000
78 1 0 0 6.2300 9.0217 0.5000
78 1 0 0 6.9300 9.0217 0.5000
78 1 0 0 6.3770 9.0217 0.5000
78 1 0 0 6.8060 9.0217 0.5000
78 1 0 0 6.3200 9.0217 0.5000
79 1 0 0 8.9180 7.8461 0.5000
79 1 0 0 9.7160 7.8461 0.5000
79 1 0 0 9.7280 7.8461 0.5000
79 1 0 0 9.7080 7.8461 0.5000
79 1 0 0 9.1520 7.8461 0.5000
79 1 0 0 10.2860 7.8461 0.5000
79 1 0 0 9.1720 7.8461 0.5000
79 1 0 0 9.2510 7.8461 0.5000
79 1 0 0 9.2080 7.8461 0.5000
79 1 0 0 8.7790 7.8461 0.5000
79 1 0 0 9.0830 7.8461 0.5000
79 1 0 0 8.5020 7.8461 0.5000
79 1 0 0 9.3400 7.8461 0.5000
79 1 0 0 9.2890 7.8461 0.5000
79 1 0 0 8.6380 7.8461 0.5000
79 1 0 0 9.7470 7.8461 0.5000
79 1 0 0 8.7050 7.8461 0.5000
79 1 0 0 9.1910 7.8461 0.5000
79 1 0 0 8.6020 7.8461 0.5000
79 1 0 0 8.6440 7.8461 0.5000
80 1 0 0 6.6070 8.0481 0.5000
80 1 0 0 6.8280 8.0481 0.5000
80 1 0 0 6.3400 8.0481 0.5000
80 1 0 0 6.2830 8.0481 0.5000
80 1 0 0 6.8140 8.0481 0.5000
80 1 0 0 6.3200 8.0481 0.5000
80 1 0 0 6.8760 8.0481 0.5000
80 1 0 0 6.5500 8.0481 0.5000
80 1 0 0 6.3810 8.0481 0.5000
80 1 0 0 6.9550 8.0481 0.5000
80 1 0 0 6.9040 8.0481 0.5000
80 1 0 0 6.8060 8.0481 0.5000
80 1 0 0 6.9470 8.0481 0.5000
80 1 0 0 6.8410 8.0481 0.5000
80 1 0 0 6.8750 8.0481 0.5000
80 1 0 0 6.8730 8.0481 0.5000
80 1 0 0 6.7830 8.0481 0.5000
80 1 0 0 6.2120 8.0481 0.5000
80 1 0 0 6.8900 8.0481 0.5000
80 1 0 0 6.3410 8.0481 0.5000
81 1 0 0 13.8250 7.7123 0.5000
81 1 0 0 10.0900 7.7123 0.5000
81 1 0 0 12.3280 7.7123 0.5000
81 1 0 0 40.1560 7.7123 0.1921
81 1 0 0 11.3980 7.7123 0.5000
81 1 0 0 10.8510 7.7123 0.5000
81 1 0 0 23.6550 7.7123 0.3260
81 1 0 0 10.7750 7.7123 0.5000
81 1 0 0 11.1560 7.7123 0.5000
81 1 0 0 10.1680 7.7123 0.5000
81 1 0 0 13.4300 7.7123 0.5000
81 1 0 0 10.9500 7.7123 0.5000
81 1 0 0 13.3950 7.7123 0.5000
81 1 0 0 11.0710 7.7123 0.5000
81 1 0 0 10.2000 7.7123 0.5000
81 1 0 0 11.0380 7.7123 0.5000
81 1 0 0 10.0640 7.7123 0.5000
81 1 0 0 11.0950 7.7123 0.5000
81 1 0 0 10.5390 7.7123 0.5000
81 0 0 0 8.7940 7.7123 0.0000
82 0 0 0 6.5350 9.1396 0.0000
82 1 0 0 8.4830 9.1396 0.5000
82 1 0 0 10.1590 9.1396 0.5000
82 1 0 0 7.9510 9.1396 0.5000
82 1 0 0 8.0030 9.1396 0.5000
82 1 0 0 9.0650 9.1396 0.5000
82 1 0 0 7.5980 9.1396 0.5000
82 1 0 0 9.3300 9.1396 0.5000
82 1 0 0 8.1930 9.1396 0.5000
82 1 0 0 9.0490 9.1396 0.5000
82 1 0 0 8.7550 9.1396 0.5000
82 1 0 0 9.5110 9.1396 0.5000
82 1 0 0 11.2780 9.1396 0.5000
82 0 0 0 11.4270 9.1396 0.0000
82 1 0 0 13.4510 9.1396 0.5000
82 1 0 0 13.4000 9.1396 0.5000
82 1 0 0 7.8510 9.1396 0.5000
82 1 0 0 9.1840 9.1396 0.5000
82 1 0 0 10.2000 9.1396 0.5000
82 0 0 0 5.3270 9.1396 0.0000
83 1 0 0 12.3170 8.8306 0.5000
83 0 0 0 55.0020 8.8306 0.0000
83 1 0 0 12.5050 8.8306 0.5000
83 1 0 0 12.4700 8.8306 0.5000
83 1 0 0 12.0740 8.8306 0.5000
83 0 0 0 16.5870 8.8306 0.0000
83 1 0 0 22.1570 8.8306 0.3985
83 0 0 0 11.2290 8.8306 0.0000
83 0 0 0 10.7570 8.8306 0.0000
83 1 0 0 11.9250 8.8306 0.5000
83 1 0 0 16.2350 8.8306 0.5000
83 1 0 0 17.9400 8.8306 0.4922
83 1 0 0 15.2830 8.8306 0.5000
83 1 0 0 13.2630 8.8306 0.5000
83 0 0 0 20.5030 8.8306 0.0000
83 0 0 0 54.5810 8.8306 0.0000
83 1 0 0 13.4520 8.8306 0.5000
83 1 0 0 17.9340 8.8306 0.4924
83 0 0 0 10.1360 8.8306 0.0000
83 1 0 0 12.2970 8.8306 0.5000
84 0 0 0 10.6124 7.8991 0.0000
84 1 0 0 16.0836 7.8991 0.4911
84 0 0 0 22.4903 7.8991 0.0000
84 0 0 0 9.3650 7.8991 0.0000
84 0 0 0 20.0160 7.8991 0.0000
84 0 0 0 11.8588 7.8991 0.0000
84 0 0 0 9.5040 7.8991 0.0000
84 0 0 0 11.6870 7.8991 0.0000
84 0 0 0 16.7074 7.8991 0.0000
84 0 0 0 11.2763 7.8991 0.0000
84 0 0 0 14.2752 7.8991 0.0000
84 1 0 0 14.6495 7.8991 0.5000
84 1 0 0 11.2522 7.8991 0.5000
84 0 0 0 17.2421 7.8991 0.0000
84 1 0 0 11.3168 7.8991 0.5000
84 1 0 0 35.1273 7.8991 0.2249
84 0 0 0 18.5014 7.8991 0.0000
84 0 0 0 12.8696 7.8991 0.0000
84 0 0 0 18.3572 7.8991 0.0000
84 1 0 0 26.0305 7.8991 0.3035
85 1 0 0 12.5904 7.9264 0.5000
85 1 0 0 20.7685 7.9264 0.3817
85 0 0 0 18.4878 7.9264 0.0000
85 0 0 0 41.8095 7.9264 0.0000
85 0 0 0 30.6588 7.9264 0.0000
85 1 0 0 8.8480 7.9264 0.5000
85 0 0 0 15.9900 7.9264 0.0000
85 0 0 0 35.4839 7.9264 0.0000
85 0 0 0 34.1983 7.9264 0.0000
85 0 0 0 5.3679 7.9264 0.0000
85 1 0 0 17.8593 7.9264 0.4438
85 0 0 0 13.0196 7.9264 0.0000
85 1 0 0 12.8529 7.9264 0.5000
85 0 0 0 10.4694 7.9264 0.0000
85 0 0 0 20.2120 7.9264 0.0000
85 1 0 0 10.6165 7.9264 0.5000
85 1 0 0 16.3001 7.9264 0.4863
85 0 0 0 41.9714 7.9264 0.0000
85 1 0 0 36.2370 7.9264 0.2187
85 1 0 0 19.8471 7.9264 0.3994
86 1 0 0 10.4730 7.9096 0.5000
86 0 0 0 5.6730 7.9096 0.0000
86 1 0 0 13.8610 7.9096 0.5000
86 0 0 0 6.8910 7.9096 0.0000
86 1 0 0 8.8890 7.9096 0.5000
86 1 0 0 10.1990 7.9096 0.5000
86 1 0 0 8.6000 7.9096 0.5000
86 0 0 0 5.8310 7.9096 0.0000
86 1 0 0 12.7960 7.9096 0.5000
86 1 0 0 8.8960 7.9096 0.5000
86 0 0 0 13.4350 7.9096 0.0000
86 1 0 0 9.1950 7.9096 0.5000
86 1 0 0 9.1210 7.9096 0.5000
86 0 0 0 9.6520 7.9096 0.0000
86 0 0 0 4.6430 7.9096 0.0000
86 1 0 0 8.4640 7.9096 0.5000
86 1 0 0 9.1560 7.9096 0.5000
86 1 0 0 9.0610 7.9096 0.5000
86 1 0 0 9.0640 7.9096 0.5000
86 1 0 0 10.6370 7.9096 0.5000
87 1 0 0 8.8810 7.9960 0.5000
87 1 0 0 7.4440 7.9960 0.5000
87 1 0 0 7.8260 7.9960 0.5000
87 1 0 0 7.8580 7.9960 0.5000
87 1 0 0 6.9130 7.9960 0.5000
87 1 0 0 6.8240 7.9960 0.5000
87 1 0 0 7.2910 7.9960 0.5000
87 1 0 0 7.8680 7.9960 0.5000
87 1 0 0 7.9890 7.9960 0.5000
87 1 0 0 7.9220 7.9960 0.5000
87 1 0 0 7.8470 7.9960 0.5000
87 1 0 0 7.4520 7.9960 0.5000
87 1 0 0 7.9030 7.9960 0.5000
87 0 0 0 5.9070 7.9960 0.0000
87 1 0 0 8.1010 7.9960 0.5000
87 1 0 0 6.8870 7.9960 0.5000
87 1 0 0 6.8460 7.9960 0.5000
87 1 0 0 9.3810 7.9960 0.5000
87 1 0 0 6.8990 7.9960 0.5000
87 1 0 0 7.4140 7.9960 0.5000
88 1 0 0 6.6480 7.7476 0.5000
88 1 0 0 6.7830 7.7476 0.5000
88 1 0 0 7.4270 7.7476 0.5000
88 1 0 0 7.8890 7.7476 0.5000
88 1 0 0 6.7870 7.7476 0.5000
88 1 0 0 6.9710 7.7476 0.5000
88 1 0 0 6.8170 7.7476 0.5000
88 1 0 0 7.3320 7.7476 0.5000
88 1 0 0 6.9320 7.7476 0.5000
88 1 0 0 6.8640 7.7476 0.5000
88 1 0 0 6.9000 7.7476 0.5000
88 1 0 0 6.8900 7.7476 0.5000
88 1 0 0 6.8390 7.7476 0.5000
88 1 0 0 6.7950 7.7476 0.5000
88 1 0 0 6.9030 7.7476 0.5000
88 1 0 0 6.7270 7.7476 0.5000
88 1 0 0 6.8020 7.7476 0.5000
88 1 0 0 6.8500 7.7476 0.5000
88 1 0 0 7.0520 7.7476 0.5000
88 1 0 0 6.9460 7.7476 0.5000
89 0 0 0 5.7180 8.0393 0.0000
89 1 0 0 10.7530 8.0393 0.5000
89 1 0 0 11.2640 8.0393 0.5000
89 0 0 0 11.7990 8.0393 0.0000
89 1 0 0 12.9400 8.0393 0.5000
89 1 0 0 10.2550 8.0393 0.5000
89 1 0 0 10.8890 8.0393 0.5000
89 0 0 0 5.7890 8.0393 0.0000
89 0 0 0 6.4520 8.0393 0.0000
89 1 0 0 10.9580 8.0393 0.5000
89 1 0 0 10.8790 8.0393 0.5000
89 1 0 0 10.0880 8.0393 0.5000
89 0 0 0 5.7540 8.0393 0.0000
89 1 0 0 11.2670 8.0393 0.5000
89 1 0 0 12.5590 8.0393 0.5000
89 1 0 0 12.3690 8.0393 0.5000
89 1 0 0 10.9020 8.0393 0.5000
89 1 0 0 10.7210 8.0393 0.5000
89 1 0 0 10.7790 8.0393 0.5000
89 1 0 0 12.1540 8.0393 0.5000
90 1 0 0 9.5000 7.9466 0.5000
90 1 0 0 15.7380 7.9466 0.5000
90 0 0 0 8.3520 7.9466 0.0000
90 1 0 0 9.7660 7.9466 0.5000
90 1 0 0 9.2180 7.9466 0.5000
90 1 0 0 9.8260 7.9466 0.5000
90 1 0 0 9.5290 7.9466 0.5000
90 1 0 0 9.2620 7.9466 0.5000
90 0 0 0 10.7230 7.9466 0.0000
90 1 0 0 10.6210 7.9466 0.5000
90 1 0 0 9.1850 7.9466 0.5000
90 1 0 0 9.0030 7.9466 0.5000
90 1 0 0 9.0770 7.9466 0.5000
90 1 0 0 11.8170 7.9466 0.5000
90 1 0 0 10.6290 7.9466 0.5000
90 1 0 0 9.7410 7.9466 0.5000
90 0 0 0 8.1140 7.9466 0.0000
90 1 0 0 8.8700 7.9466 0.5000
90 1 0 0 9.6570 7.9466 0.5000
90 1 0 0 8.6060 7.9466 0.5000
91 1 0 0 7.0750 8.1617 0.5000
91 1 0 0 7.3840 8.1617 0.5000
91 1 0 0 6.8450 8.1617 0.5000
91 1 0 0 7.3610 8.1617 0.5000
91 1 0 0 6.8360 8.1617 0.5000
91 1 0 0 7.3070 8.1617 0.5000
91 1 0 0 7.4590 8.1617 0.5000
91 1 0 0 6.7110 8.1617 0.5000
91 1 0 0 7.5180 8.1617 0.5000
91 1 0 0 6.8330 8.1617 0.5000
91 1 0 0 6.9190 8.1617 0.5000
91 1 0 0 6.9870 8.1617 0.5000
91 1 0 0 6.8900 8.1617 0.5000
91 1 0 0 11.1810 8.1617 0.5000
91 1 0 0 6.9920 8.1617 0.5000
91 1 0 0 7.3730 8.1617 0.5000
91 1 0 0 7.0050 8.1617 0.5000
91 1 0 0 7.4970 8.1617 0.5000
91 1 0 0 6.7450 8.1617 0.5000
91 1 0 0 6.9230 8.1617 0.5000
92 1 0 0 7.2480 7.6940 0.5000
92 0 0 0 3.5330 7.6940 0.0000
92 1 0 0 7.7880 7.6940 0.5000
92 1 0 0 7.4410 7.6940 0.5000
92 1 0 0 6.8510 7.6940 0.5000
92 1 0 0 7.4670 7.6940 0.5000
92 1 0 0 6.8800 7.6940 0.5000
92 1 0 0 6.8370 7.6940 0.5000
92 1 0 0 7.3590 7.6940 0.5000
92 1 0 0 6.9430 7.6940 0.5000
92 1 0 0 7.2960 7.6940 0.5000
92 1 0 0 7.4990 7.6940 0.5000
92 1 0 0 7.4050 7.6940 0.5000
92 1 0 0 7.3230 7.6940 0.5000
92 1 0 0 7.5240 7.6940 0.5000
92 1 0 0 7.4280 7.6940 0.5000
92 1 0 0 7.3990 7.6940 0.5000
92 1 0 0 6.9080 7.6940 0.5000
92 1 0 0 7.0590 7.6940 0.5000
92 1 0 0 7.4880 7.6940 0.5000
93 1 0 0 14.4690 7.7830 0.5000
93 1 0 0 11.7980 7.7830 0.5000
93 0 0 0 10.2830 7.7830 0.0000
93 1 0 0 12.9040 7.7830 0.5000
93 0 0 0 21.9000 7.7830 0.0000
93 1 0 0 11.3370 7.7830 0.5000
93 1 0 0 43.9150 7.7830 0.1772
93 1 0 0 20.4470 7.7830 0.3806
93 1 0 0 10.9450 7.7830 0.5000
93 0 0 0 29.6390 7.7830 0.0000
93 1 0 0 10.1100 7.7830 0.5000
93 0 0 0 16.2610 7.7830 0.0000
93 0 0 0 23.9650 7.7830 0.0000
93 0 0 0 12.4050 7.7830 0.0000
93 1 0 0 41.3380 7.7830 0.1883
93 1 0 0 13.6550 7.7830 0.5000
93 1 0 0 18.4210 7.7830 0.4225
93 1 0 0 11.3520 7.7830 0.5000
93 0 0 0 9.6840 7.7830 0.0000
93 1 0 0 10.0890 7.7830 0.5000
94 1 0 0 7.6670 7.5209 0.5000
94 1 0 0 8.0600 7.5209 0.5000
94 1 0 0 10.4820 7.5209 0.5000
94 0 0 0 7.8270 7.5209 0.0000
94 1 0 0 8.3010 7.5209 0.5000
94 1 0 0 8.3840 7.5209 0.5000
94 1 0 0 10.1800 7.5209 0.5000
94 1 0 0 9.0680 7.5209 0.5000
94 1 0 0 9.9310 7.5209 0.5000
94 1 0 0 9.8690 7.5209 0.5000
94 1 0 0 11.5340 7.5209 0.5000
94 0 0 0 54.1180 7.5209 0.0000
94 1 0 0 12.4320 7.5209 0.5000
94 1 0 0 12.4150 7.5209 0.5000
94 1 0 0 8.9280 7.5209 0.5000
94 1 0 0 9.4690 7.5209 0.5000
94 0 0 0 13.2640 7.5209 0.0000
94 0 0 0 16.4790 7.5209 0.0000
94 1 0 0 8.4120 7.5209 0.5000
94 1 0 0 8.9060 7.5209 0.5000
95 1 0 0 6.6400 7.7005 0.5000
95 1 0 0 6.9510 7.7005 0.5000
95 1 0 0 6.3630 7.7005 0.5000
95 1 0 0 6.8850 7.7005 0.5000
95 1 0 0 6.5040 7.7005 0.5000
95 1 0 0 6.2830 7.7005 0.5000
95 1 0 0 6.7180 7.7005 0.5000
95 1 0 0 6.8550 7.7005 0.5000
95 1 0 0 6.3330 7.7005 0.5000
95 1 0 0 6.3530 7.7005 0.5000
95 1 0 0 6.3160 7.7005 0.5000
95 1 0 0 6.9660 7.7005 0.5000
95 1 0 0 6.3830 7.7005 0.5000
95 1 0 0 6.7520 7.7005 0.5000
95 1 0 0 6.8510 7.7005 0.5000
95 1 0 0 6.2650 7.7005 0.5000
95 1 0 0 6.4120 7.7005 0.5000
95 1 0 0 6.3800 7.7005 0.5000
95 1 0 0 6.2810 7.7005 0.5000
95 1 0 0 6.2700 7.7005 0.5000
96 0 0 0 19.7940 8.0041 0.0000
96 1 0 0 9.1350 8.0041 0.5000
96 0 0 0 8.6560 8.0041 0.0000
96 0 0 0 5.9370 8.0041 0.0000
96 1 0 0 8.8920 8.0041 0.5000
96 1 0 0 9.1430 8.0041 0.5000
96 0 0 0 12.8710 8.0041 0.0000
96 1 0 0 11.1700 8.0041 0.5000
96 1 0 0 16.1640 8.0041 0.4952
96 0 0 0 12.4480 8.0041 0.0000
96 1 0 0 16.1570 8.0041 0.4954
96 1 0 0 8.4160 8.0041 0.5000
96 0 0 0 13.4070 8.0041 0.0000
96 1 0 0 12.9720 8.0041 0.5000
96 1 0 0 8.5790 8.0041 0.5000
96 1 0 0 9.7340 8.0041 0.5000
96 1 0 0 8.5490 8.0041 0.5000
96 1 0 0 8.0310 8.0041 0.5000
96 1 0 0 8.9700 8.0041 0.5000
96 1 0 0 10.1590 8.0041 0.5000
97 0 0 0 20.4300 7.7844 0.0000
97 1 0 0 16.8890 7.7844 0.4609
97 0 0 0 55.3570 7.7844 0.0000
97 1 0 0 20.6710 7.7844 0.3766
97 0 0 0 13.4920 7.7844 0.0000
97 1 0 0 20.6880 7.7844 0.3763
97 0 0 0 43.9680 7.7844 0.0000
97 0 0 0 21.0460 7.7844 0.0000
97 0 0 0 13.4190 7.7844 0.0000
97 0 0 0 23.7730 7.7844 0.0000
97 1 0 0 30.2520 7.7844 0.2573
97 1 0 0 15.9560 7.7844 0.4879
97 0 0 0 39.7900 7.7844 0.0000
97 0 0 0 56.5810 7.7844 0.0000
97 1 0 0 16.0590 7.7844 0.4847
97 0 0 0 50.1570 7.7844 0.0000
97 1 0 0 22.4160 7.7844 0.3473
97 0 0 0 21.7360 7.7844 0.0000
97 0 0 0 41.4030 7.7844 0.0000
97 0 0 0 14.5000 7.7844 0.0000
98 1 0 0 6.5690 7.8888 0.5000
98 1 0 0 6.2140 7.8888 0.5000
98 1 0 0 6.8070 7.8888 0.5000
98 1 0 0 6.7770 7.8888 0.5000
98 1 0 0 6.8840 7.8888 0.5000
98 1 0 0 6.7290 7.8888 0.5000
98 1 0 0 6.3730 7.8888 0.5000
98 1 0 0 6.3570 7.8888 0.5000
98 1 0 0 6.7860 7.8888 0.5000
98 1 0 0 6.3690 7.8888 0.5000
98 1 0 0 6.3920 7.8888 0.5000
98 1 0 0 6.8850 7.8888 0.5000
98 1 0 0 6.8190 7.8888 0.5000
98 1 0 0 6.8160 7.8888 0.5000
98 1 0 0 6.7240 7.8888 0.5000
98 1 0 0 6.8430 7.8888 0.5000
98 1 0 0 7.3640 7.8888 0.5000
98 1 0 0 6.7660 7.8888 0.5000
98 1 0 0 6.2930 7.8888 0.5000
98 1 0 0 6.8010 7.8888 0.5000
99 0 0 0 18.9210 8.1238 0.0000
99 0 0 0 16.5340 8.1238 0.0000
99 0 0 0 16.6920 8.1238 0.0000
99 0 0 0 10.9930 8.1238 0.0000
99 0 0 0 31.7480 8.1238 0.0000
99 0 0 0 21.4270 8.1238 0.0000
99 0 0 0 15.4540 8.1238 0.0000
99 0 0 0 39.3780 8.1238 0.0000
99 0 0 0 18.3130 8.1238 0.0000
99 0 0 0 12.0640 8.1238 0.0000
99 1 0 0 20.9570 8.1238 0.3876
99 0 0 0 32.7530 8.1238 0.0000
99 1 0 0 32.7270 8.1238 0.2482
99 1 0 0 18.4390 8.1238 0.4406
99 0 0 0 13.4190 8.1238 0.0000
99 0 0 0 9.6870 8.1238 0.0000
99 0 0 0 32.3510 8.1238 0.0000
99 0 0 0 22.2620 8.1238 0.0000
99 1 0 0 26.5300 8.1238 0.3062
99 0 0 0 12.6440 8.1238 0.0000
100 1 0 0 7.6900 7.8551 0.5000
100 1 0 0 6.2370 7.8551 0.5000
100 1 0 0 6.4400 7.8551 0.5000
100 1 0 0 6.4480 7.8551 0.5000
100 1 0 0 6.2850 7.8551 0.5000
100 1 0 0 6.3140 7.8551 0.5000
100 1 0 0 6.3120 7.8551 0.5000
100 1 0 0 6.2930 7.8551 0.5000
100 1 0 0 6.3920 7.8551 0.5000
100 1 0 0 6.3740 7.8551 0.5000
100 1 0 0 6.2730 7.8551 0.5000
100 1 0 0 6.2890 7.8551 0.5000
100 1 0 0 6.1570 7.8551 0.5000
100 1 0 0 6.3920 7.8551 0.5000
100 1 0 0 6.4920 7.8551 0.5000
100 1 0 0 6.2770 7.8551 0.5000
100 1 0 0 6.1430 7.8551 0.5000
100 1 0 0 6.2310 7.8551 0.5000
100 1 0 0 6.2400 7.8551 0.5000
100 1 0 0 6.3250 7.8551 0.5000
101 0 0 0 44.9270 7.5407 0.0000
101 0 0 0 54.8600 7.5407 0.0000
101 1 0 0 7.0380 7.5407 0.5000
101 0 0 0 54.9920 7.5407 0.0000
101 0 0 0 54.3150 7.5407 0.0000
101 1 0 0 7.3800 7.5407 0.5000
101 0 0 0 26.0820 7.5407 0.0000
101 1 0 0 7.3260 7.5407 0.5000
101 1 0 0 8.0350 7.5407 0.5000
101 1 0 0 7.9420 7.5407 0.5000
101 0 0 0 25.0100 7.5407 0.0000
101 1 0 0 7.1200 7.5407 0.5000
101 1 0 0 7.4860 7.5407 0.5000
101 0 0 0 13.5830 7.5407 0.0000
101 1 0 0 7.3430 7.5407 0.5000
101 1 0 0 7.5250 7.5407 0.5000
101 1 0 0 6.8990 7.5407 0.5000
101 0 0 0 51.7410 7.5407 0.0000
101 1 0 0 7.1430 7.5407 0.5000
101 0 0 0 17.9070 7.5407 0.0000
102 0 0 0 37.2370 7.7503 0.0000
102 0 0 0 54.7840 7.7503 0.0000
102 0 0 0 50.6040 7.7503 0.0000
102 0 0 0 55.8100 7.7503 0.0000
102 0 0 0 20.8490 7.7503 0.0000
102 0 0 0 38.0980 7.7503 0.0000
102 0 0 0 39.1050 7.7503 0.0000
102 0 0 0 32.5420 7.7503 0.0000
102 0 0 0 43.9480 7.7503 0.0000
102 0 0 0 37.2210 7.7503 0.0000
102 0 0 0 16.3630 7.7503 0.0000
102 0 0 0 22.1600 7.7503 0.0000
102 0 0 0 14.7570 7.7503 0.0000
102 0 0 0 35.9830 7.7503 0.0000
102 0 0 0 33.5330 7.7503 0.0000
102 0 0 0 13.5710 7.7503 0.0000
102 0 0 0 8.1630 7.7503 0.0000
102 0 0 0 13.8920 7.7503 0.0000
102 0 0 0 30.5980 7.7503 0.0000
102 0 0 0 21.3240 7.7503 0.0000
103 1 0 0 12.1940 8.0334 0.5000
103 1 0 0 9.5470 8.0334 0.5000
103 1 0 0 12.2920 8.0334 0.5000
103 1 0 0 9.6830 8.0334 0.5000
103 1 0 0 8.6790 8.0334 0.5000
103 1 0 0 16.9680 8.0334 0.4734
103 1 0 0 9.6520 8.0334 0.5000
103 1 0 0 9.0800 8.0334 0.5000
103 1 0 0 8.0500 8.0334 0.5000
103 1 0 0 10.1370 8.0334 0.5000
103 1 0 0 9.1000 8.0334 0.5000
103 1 0 0 10.4080 8.0334 0.5000
103 1 0 0 9.2060 8.0334 0.5000
103 1 0 0 10.3100 8.0334 0.5000
103 1 0 0 8.5360 8.0334 0.5000
103 1 0 0 9.2430 8.0334 0.5000
103 1 0 0 11.4610 8.0334 0.5000
103 1 0 0 9.7780 8.0334 0.5000
103 1 0 0 9.2650 8.0334 0.5000
103 1 0 0 9.0990 8.0334 0.5000
104 0 0 0 14.9060 8.0377 0.0000
104 0 0 0 20.6440 8.0377 0.0000
104 0 0 0 14.4440 8.0377 0.0000
104 0 0 0 14.6300 8.0377 0.0000
104 0 0 0 15.2810 8.0377 0.0000
104 1 0 0 12.9580 8.0377 0.5000
104 0 0 0 54.6350 8.0377 0.0000
104 0 0 0 16.2220 8.0377 0.0000
104 0 0 0 38.2760 8.0377 0.0000
104 1 0 0 10.7790 8.0377 0.5000
104 0 0 0 16.1110 8.0377 0.0000
104 1 0 0 12.3860 8.0377 0.5000
104 1 0 0 16.4320 8.0377 0.4891
104 0 0 0 11.4210 8.0377 0.0000
104 0 0 0 55.0220 8.0377 0.0000
104 1 0 0 10.4880 8.0377 0.5000
104 1 0 0 13.0950 8.0377 0.5000
104 0 0 0 25.1610 8.0377 0.0000
104 1 0 0 11.2730 8.0377 0.5000
104 1 0 0 17.9270 8.0377 0.4484
105 1 0 0 16.4330 8.0305 0.4887
105 1 0 0 26.0090 8.0305 0.3088
105 0 0 0 8.6590 8.0305 0.0000
105 1 0 0 10.9610 8.0305 0.5000
105 1 0 0 12.3820 8.0305 0.5000
105 1 0 0 12.2900 8.0305 0.5000
105 1 0 0 17.7660 8.0305 0.4520
105 1 0 0 20.5770 8.0305 0.3903
105 1 0 0 11.2060 8.0305 0.5000
105 1 0 0 14.1260 8.0305 0.5000
105 1 0 0 16.7380 8.0305 0.4798
105 1 0 0 15.6000 8.0305 0.5000
105 1 0 0 15.8010 8.0305 0.5000
105 1 0 0 11.4120 8.0305 0.5000
105 1 0 0 12.0670 8.0305 0.5000
105 1 0 0 15.3300 8.0305 0.5000
105 0 0 0 26.7390 8.0305 0.0000
105 1 0 0 12.2840 8.0305 0.5000
105 0 0 0 28.7280 8.0305 0.0000
105 0 0 0 15.1370 8.0305 0.0000
106 1 0 0 10.0430 8.0814 0.5000
106 1 0 0 9.8720 8.0814 0.5000
106 1 0 0 8.6400 8.0814 0.5000
106 1 0 0 8.0840 8.0814 0.5000
106 1 0 0 8.0140 8.0814 0.5000
106 1 0 0 9.6110 8.0814 0.5000
106 1 0 0 10.3240 8.0814 0.5000
106 1 0 0 8.5690 8.0814 0.5000
106 1 0 0 9.1920 8.0814 0.5000
106 1 0 0 9.8760 8.0814 0.5000
106 1 0 0 9.2280 8.0814 0.5000
106 1 0 0 9.5820 8.0814 0.5000
106 1 0 0 9.2570 8.0814 0.5000
106 1 0 0 9.1400 8.0814 0.5000
106 1 0 0 9.2440 8.0814 0.5000
106 1 0 0 9.2620 8.0814 0.5000
106 1 0 0 7.9620 8.0814 0.5000
106 1 0 0 7.5020 8.0814 0.5000
106 1 0 0 10.1970 8.0814 0.5000
106 0 0 0 7.6020 8.0814 0.0000
107 0 0 0 49.7750 8.4351 0.0000
107 1 0 0 16.8990 8.4351 0.4991
107 0 0 0 26.3240 8.4351 0.0000
107 1 0 0 16.8080 8.4351 0.5000
107 1 0 0 49.6020 8.4351 0.1701
107 0 0 0 23.8160 8.4351 0.0000
107 0 0 0 41.7000 8.4351 0.0000
107 0 0 0 14.0810 8.4351 0.0000
107 0 0 0 14.7870 8.4351 0.0000
107 0 0 0 12.6150 8.4351 0.0000
107 0 0 0 28.2300 8.4351 0.0000
107 1 0 0 17.0430 8.4351 0.4949
107 0 0 0 22.7680 8.4351 0.0000
107 1 0 0 20.6040 8.4351 0.4094
107 0 0 0 13.5620 8.4351 0.0000
107 0 0 0 23.8940 8.4351 0.0000
107 1 0 0 14.0970 8.4351 0.5000
107 1 0 0 41.1370 8.4351 0.2050
107 0 0 0 22.9530 8.4351 0.0000
107 1 0 0 33.5690 8.4351 0.2513
108 1 0 0 13.3430 7.8203 0.5000
108 1 0 0 11.3380 7.8203 0.5000
108 1 0 0 13.4920 7.8203 0.5000
108 1 0 0 10.1640 7.8203 0.5000
108 1 0 0 11.1240 7.8203 0.5000
108 1 0 0 9.7070 7.8203 0.5000
108 1 0 0 8.5950 7.8203 0.5000
108 0 0 0 9.1380 7.8203 0.0000
108 0 0 0 8.0890 7.8203 0.0000
108 0 0 0 39.0600 7.8203 0.0000
108 1 0 0 9.0850 7.8203 0.5000
108 0 0 0 11.4570 7.8203 0.0000
108 1 0 0 14.4900 7.8203 0.5000
108 1 0 0 40.4300 7.8203 0.1934
108 1 0 0 8.6400 7.8203 0.5000
108 1 0 0 8.6850 7.8203 0.5000
108 0 0 0 8.5000 7.8203 0.0000
108 1 0 0 10.7840 7.8203 0.5000
108 0 0 0 16.9970 7.8203 0.0000
108 0 0 0 8.5440 7.8203 0.0000
109 1 0 0 10.4320 8.1010 0.5000
109 1 0 0 10.6830 8.1010 0.5000
109 1 0 0 10.6990 8.1010 0.5000
109 1 0 0 9.1320 8.1010 0.5000
109 0 0 0 12.4560 8.1010 0.0000
109 1 0 0 9.6710 8.1010 0.5000
109 0 0 0 9.6730 8.1010 0.0000
109 0 0 0 7.0480 8.1010 0.0000
109 1 0 0 9.4870 8.1010 0.5000
109 0 0 0 47.8460 8.1010 0.0000
109 1 0 0 10.1860 8.1010 0.5000
109 1 0 0 10.7460 8.1010 0.5000
109 0 0 0 9.6110 8.1010 0.0000
109 1 0 0 9.5130 8.1010 0.5000
109 0 0 0 8.5100 8.1010 0.0000
109 1 0 0 15.2290 8.1010 0.5000
109 1 0 0 11.6850 8.1010 0.5000
109 1 0 0 13.5220 8.1010 0.5000
109 1 0 0 9.7110 8.1010 0.5000
109 1 0 0 13.2740 8.1010 0.5000
110 1 0 0 7.1070 8.2940 0.5000
110 0 0 0 4.7680 8.2940 0.0000
110 1 0 0 7.9930 8.2940 0.5000
110 0 0 0 15.5700 8.2940 0.0000
110 1 0 0 6.6620 8.2940 0.5000
110 1 0 0 7.9290 8.2940 0.5000
110 1 0 0 7.2730 8.2940 0.5000
110 1 0 0 7.8940 8.2940 0.5000
110 1 0 0 6.8010 8.2940 0.5000
110 1 0 0 6.7840 8.2940 0.5000
110 1 0 0 7.9170 8.2940 0.5000
110 1 0 0 11.2260 8.2940 0.5000
110 1 0 0 7.3840 8.2940 0.5000
110 1 0 0 8.5000 8.2940 0.5000
110 1 0 0 6.8070 8.2940 0.5000
110 1 0 0 6.8430 8.2940 0.5000
110 1 0 0 9.6110 8.2940 0.5000
110 1 0 0 7.9790 8.2940 0.5000
110 1 0 0 6.9360 8.2940 0.5000
110 1 0 0 6.7940 8.2940 0.5000
111 1 0 0 8.4080 9.1523 0.5000
111 1 0 0 9.1520 9.1523 0.5000
111 1 0 0 10.3110 9.1523 0.5000
111 1 0 0 8.7030 9.1523 0.5000
111 0 0 0 10.4260 9.1523 0.0000
111 0 0 0 55.3980 9.1523 0.0000
111 0 0 0 16.1350 9.1523 0.0000
111 1 0 0 14.9920 9.1523 0.5000
111 1 0 0 9.2090 9.1523 0.5000
111 0 0 0 48.1650 9.1523 0.0000
111 1 0 0 8.4520 9.1523 0.5000
111 1 0 0 9.6220 9.1523 0.5000
111 1 0 0 9.2850 9.1523 0.5000
111 1 0 0 18.2570 9.1523 0.5000
111 1 0 0 26.2540 9.1523 0.3486
111 1 0 0 10.6680 9.1523 0.5000
111 1 0 0 15.8610 9.1523 0.5000
111 0 0 0 21.6570 9.1523 0.0000
111 0 0 0 14.7350 9.1523 0.0000
111 0 0 0 6.4580 9.1523 0.0000
112 0 0 0 13.2980 8.4223 0.0000
112 0 0 0 14.6790 8.4223 0.0000
112 0 0 0 18.4300 8.4223 0.0000
112 0 0 0 28.1280 8.4223 0.0000
112 0 0 0 14.9710 8.4223 0.0000
112 0 0 0 26.4670 8.4223 0.0000
112 1 0 0 23.5850 8.4223 0.3571
112 1 0 0 24.9330 8.4223 0.3378
112 0 0 0 10.2220 8.4223 0.0000
112 1 0 0 10.7010 8.4223 0.5000
112 1 0 0 12.5410 8.4223 0.5000
112 1 0 0 52.0090 8.4223 0.1619
112 0 0 0 20.8260 8.4223 0.0000
112 0 0 0 9.6000 8.4223 0.0000
112 0 0 0 15.7120 8.4223 0.0000
112 0 0 0 25.8960 8.4223 0.0000
112 0 0 0 10.6450 8.4223 0.0000
112 0 0 0 14.4340 8.4223 0.0000
112 0 0 0 14.7600 8.4223 0.0000
112 0 0 0 17.7970 8.4223 0.0000
113 1 0 0 13.8130 8.1481 0.5000
113 1 0 0 10.4070 8.1481 0.5000
113 1 0 0 11.3700 8.1481 0.5000
113 1 0 0 19.0090 8.1481 0.4286
113 0 0 0 14.3410 8.1481 0.0000
113 0 0 0 53.8790 8.1481 0.0000
113 1 0 0 17.7620 8.1481 0.4587
113 1 0 0 14.8980 8.1481 0.5000
113 1 0 0 18.6540 8.1481 0.4368
113 1 0 0 18.5690 8.1481 0.4388
113 1 0 0 27.6110 8.1481 0.2951
113 0 0 0 10.3370 8.1481 0.0000
113 1 0 0 15.2140 8.1481 0.5000
113 1 0 0 19.4890 8.1481 0.4181
113 0 0 0 15.0620 8.1481 0.0000
113 1 0 0 13.0270 8.1481 0.5000
113 1 0 0 18.4150 8.1481 0.4425
113 0 0 0 12.3890 8.1481 0.0000
113 1 0 0 13.6660 8.1481 0.5000
113 1 0 0 19.5610 8.1481 0.4165
114 1 0 0 5.9940 8.7138 0.5000
114 1 0 0 6.3160 8.7138 0.5000
114 1 0 0 5.8900 8.7138 0.5000
114 1 0 0 6.2000 8.7138 0.5000
114 1 0 0 5.8310 8.7138 0.5000
114 1 0 0 6.3570 8.7138 0.5000
114 1 0 0 6.2400 8.7138 0.5000
114 1 0 0 6.3370 8.7138 0.5000
114 1 0 0 5.7880 8.7138 0.5000
114 1 0 0 6.2960 8.7138 0.5000
114 1 0 0 5.8220 8.7138 0.5000
114 1 0 0 6.2700 8.7138 0.5000
114 1 0 0 6.1730 8.7138 0.5000
114 1 0 0 5.8130 8.7138 0.5000
114 1 0 0 6.2460 8.7138 0.5000
114 1 0 0 6.2720 8.7138 0.5000
114 1 0 0 6.2610 8.7138 0.5000
114 1 0 0 5.8950 8.7138 0.5000
114 1 0 0 5.8280 8.7138 0.5000
114 1 0 0 6.2930 8.7138 0.5000
115 1 0 0 6.7510 7.9910 0.5000
115 1 0 0 6.8680 7.9910 0.5000
115 1 0 0 6.7100 7.9910 0.5000
115 1 0 0 6.8870 7.9910 0.5000
115 1 0 0 6.8590 7.9910 0.5000
115 1 0 0 6.8610 7.9910 0.5000
115 1 0 0 6.8650 7.9910 0.5000
115 1 0 0 6.9920 7.9910 0.5000
115 1 0 0 6.9820 7.9910 0.5000
115 1 0 0 6.9820 7.9910 0.5000
115 1 0 0 6.8550 7.9910 0.5000
115 1 0 0 6.4130 7.9910 0.5000
115 1 0 0 6.3490 7.9910 0.5000
115 1 0 0 6.8170 7.9910 0.5000
115 1 0 0 6.9160 7.9910 0.5000
115 1 0 0 6.8850 7.9910 0.5000
115 1 0 0 6.4140 7.9910 0.5000
115 1 0 0 6.8680 7.9910 0.5000
115 1 0 0 6.9910 7.9910 0.5000
115 1 0 0 6.8590 7.9910 0.5000
116 0 0 0 20.2150 7.7156 0.0000
116 0 0 0 16.5490 7.7156 0.0000
116 0 0 0 25.6630 7.7156 0.0000
116 0 0 0 17.2080 7.7156 0.0000
116 0 0 0 19.9120 7.7156 0.0000
116 1 0 0 9.6070 7.7156 0.5000
116 1 0 0 18.1560 7.7156 0.4250
116 0 0 0 35.7430 7.7156 0.0000
116 1 0 0 9.5070 7.7156 0.5000
116 1 0 0 17.0020 7.7156 0.4538
116 0 0 0 36.0670 7.7156 0.0000
116 0 0 0 21.8350 7.7156 0.0000
116 1 0 0 11.4440 7.7156 0.5000
116 0 0 0 8.0680 7.7156 0.0000
116 1 0 0 10.5070 7.7156 0.5000
116 1 0 0 11.4530 7.7156 0.5000
116 0 0 0 10.2730 7.7156 0.0000
116 1 0 0 9.6780 7.7156 0.5000
116 0 0 0 30.4930 7.7156 0.0000
116 1 0 0 9.5670 7.7156 0.5000
117 1 0 0 7.3390 8.4771 0.5000
117 1 0 0 8.6380 8.4771 0.5000
117 1 0 0 8.0580 8.4771 0.5000
117 1 0 0 7.4550 8.4771 0.5000
117 1 0 0 7.3630 8.4771 0.5000
117 1 0 0 7.4260 8.4771 0.5000
117 1 0 0 7.6130 8.4771 0.5000
117 1 0 0 7.4060 8.4771 0.5000
117 1 0 0 7.3450 8.4771 0.5000
117 1 0 0 7.3670 8.4771 0.5000
117 1 0 0 8.8260 8.4771 0.5000
117 1 0 0 8.0110 8.4771 0.5000
117 1 0 0 7.5290 8.4771 0.5000
117 1 0 0 7.8660 8.4771 0.5000
117 1 0 0 6.8750 8.4771 0.5000
117 1 0 0 8.5830 8.4771 0.5000
117 1 0 0 7.3520 8.4771 0.5000
117 1 0 0 7.4770 8.4771 0.5000
117 1 0 0 7.5800 8.4771 0.5000
117 1 0 0 8.5090 8.4771 0.5000
118 1 0 0 20.8270 8.1824 0.3929
118 1 0 0 10.3970 8.1824 0.5000
118 1 0 0 20.5770 8.1824 0.3976
118 0 0 0 54.2000 8.1824 0.0000
118 1 0 0 14.0840 8.1824 0.5000
118 1 0 0 10.8590 8.1824 0.5000
118 1 0 0 22.3320 8.1824 0.3664
118 0 0 0 20.2390 8.1824 0.0000
118 1 0 0 21.3690 8.1824 0.3829
118 1 0 0 11.3410 8.1824 0.5000
118 1 0 0 24.4020 8.1824 0.3353
118 1 0 0 21.5790 8.1824 0.3792
118 1 0 0 16.2870 8.1824 0.5000
118 1 0 0 14.7160 8.1824 0.5000
118 1 0 0 14.5090 8.1824 0.5000
118 1 0 0 15.6830 8.1824 0.5000
118 1 0 0 24.7130 8.1824 0.3311
118 0 0 0 34.4780 8.1824 0.0000
118 1 0 0 10.8840 8.1824 0.5000
118 0 0 0 54.2190 8.1824 0.0000
119 1 0 0 6.1840 8.5615 0.5000
119 1 0 0 6.1720 8.5615 0.5000
119 1 0 0 6.2330 8.5615 0.5000
119 1 0 0 6.3150 8.5615 0.5000
119 1 0 0 6.2160 8.5615 0.5000
119 1 0 0 6.2650 8.5615 0.5000
119 1 0 0 6.2060 8.5615 0.5000
119 1 0 0 6.2870 8.5615 0.5000
119 1 0 0 6.3420 8.5615 0.5000
119 1 0 0 5.8180 8.5615 0.5000
119 1 0 0 6.2120 8.5615 0.5000
119 1 0 0 6.2950 8.5615 0.5000
119 1 0 0 6.2410 8.5615 0.5000
119 1 0 0 6.2740 8.5615 0.5000
119 1 0 0 6.1830 8.5615 0.5000
119 1 0 0 6.2620 8.5615 0.5000
119 1 0 0 6.2370 8.5615 0.5000
119 1 0 0 6.2680 8.5615 0.5000
119 1 0 0 6.2810 8.5615 0.5000
119 1 0 0 6.2320 8.5615 0.5000
120 1 0 0 6.2460 8.1746 0.5000
120 1 0 0 6.2310 8.1746 0.5000
120 1 0 0 6.2560 8.1746 0.5000
120 1 0 0 6.7780 8.1746 0.5000
120 1 0 0 6.2510 8.1746 0.5000
120 1 0 0 6.3280 8.1746 0.5000
120 1 0 0 6.3010 8.1746 0.5000
120 1 0 0 6.3210 8.1746 0.5000
120 1 0 0 6.2420 8.1746 0.5000
120 1 0 0 5.8500 8.1746 0.5000
120 1 0 0 6.2340 8.1746 0.5000
120 1 0 0 6.1540 8.1746 0.5000
120 1 0 0 6.6640 8.1746 0.5000
120 1 0 0 6.3020 8.1746 0.5000
120 1 0 0 6.2610 8.1746 0.5000
120 1 0 0 6.2230 8.1746 0.5000
120 1 0 0 6.7670 8.1746 0.5000
120 1 0 0 6.2660 8.1746 0.5000
120 1 0 0 6.1430 8.1746 0.5000
120 1 0 0 6.3470 8.1746 0.5000
121 1 0 0 7.1130 8.2653 0.5000
121 1 0 0 7.3350 8.2653 0.5000
121 1 0 0 6.9700 8.2653 0.5000
121 1 0 0 7.4070 8.2653 0.5000
121 1 0 0 6.8390 8.2653 0.5000
121 1 0 0 7.4710 8.2653 0.5000
121 1 0 0 7.3960 8.2653 0.5000
121 1 0 0 7.3470 8.2653 0.5000
121 1 0 0 7.4440 8.2653 0.5000
121 1 0 0 7.3870 8.2653 0.5000
121 1 0 0 7.4250 8.2653 0.5000
121 1 0 0 7.4940 8.2653 0.5000
121 1 0 0 7.4610 8.2653 0.5000
121 1 0 0 7.4480 8.2653 0.5000
121 1 0 0 8.5010 8.2653 0.5000
121 1 0 0 6.8520 8.2653 0.5000
121 1 0 0 7.3430 8.2653 0.5000
121 1 0 0 6.9620 8.2653 0.5000
121 1 0 0 6.9120 8.2653 0.5000
121 1 0 0 7.4020 8.2653 0.5000
122 1 0 0 7.1120 8.1767 0.5000
122 1 0 0 9.5210 8.1767 0.5000
122 1 0 0 8.1780 8.1767 0.5000
122 1 0 0 6.7870 8.1767 0.5000
122 1 0 0 7.4810 8.1767 0.5000
122 1 0 0 6.8890 8.1767 0.5000
122 1 0 0 6.8220 8.1767 0.5000
122 1 0 0 6.8880 8.1767 0.5000
122 1 0 0 7.4580 8.1767 0.5000
122 1 0 0 8.3690 8.1767 0.5000
122 0 0 0 12.9640 8.1767 0.0000
122 1 0 0 6.6920 8.1767 0.5000
122 1 0 0 6.8820 8.1767 0.5000
122 1 0 0 6.8810 8.1767 0.5000
122 1 0 0 6.8860 8.1767 0.5000
122 1 0 0 6.9110 8.1767 0.5000
122 1 0 0 7.9750 8.1767 0.5000
122 1 0 0 7.2970 8.1767 0.5000
122 1 0 0 7.2990 8.1767 0.5000
122 1 0 0 6.9080 8.1767 0.5000
123 0 0 0 55.0970 8.1178 0.0000
123 0 0 0 10.8010 8.1178 0.0000
123 0 0 0 55.4980 8.1178 0.0000
123 0 0 0 42.6030 8.1178 0.0000
123 0 0 0 20.6200 8.1178 0.0000
123 0 0 0 22.0180 8.1178 0.0000
123 0 0 0 25.2780 8.1178 0.0000
123 0 0 0 31.7230 8.1178 0.0000
123 0 0 0 55.1390 8.1178 0.0000
123 0 0 0 25.4400 8.1178 0.0000
123 0 0 0 56.1330 8.1178 0.0000
123 1 0 0 43.8890 8.1178 0.1850
123 0 0 0 33.4560 8.1178 0.0000
123 0 0 0 17.3460 8.1178 0.0000
123 0 0 0 55.2350 8.1178 0.0000
123 0 0 0 10.4550 8.1178 0.0000
123 0 0 0 20.9340 8.1178 0.0000
123 0 0 0 54.1950 8.1178 0.0000
123 0 0 0 55.3810 8.1178 0.0000
123 0 0 0 28.8050 8.1178 0.0000
124 1 0 0 6.5840 8.8665 0.5000
124 1 0 0 6.2910 8.8665 0.5000
124 1 0 0 6.7530 8.8665 0.5000
124 1 0 0 6.9910 8.8665 0.5000
124 1 0 0 6.3010 8.8665 0.5000
124 1 0 0 6.2320 8.8665 0.5000
124 1 0 0 6.2970 8.8665 0.5000
124 1 0 0 6.2660 8.8665 0.5000
124 1 0 0 6.8000 8.8665 0.5000
124 1 0 0 6.2270 8.8665 0.5000
124 1 0 0 6.4120 8.8665 0.5000
124 1 0 0 6.8050 8.8665 0.5000
124 1 0 0 6.2150 8.8665 0.5000
124 1 0 0 7.0450 8.8665 0.5000
124 1 0 0 6.7710 8.8665 0.5000
124 1 0 0 6.7950 8.8665 0.5000
124 1 0 0 7.0120 8.8665 0.5000
124 1 0 0 6.2470 8.8665 0.5000
124 1 0 0 6.3100 8.8665 0.5000
124 1 0 0 6.8880 8.8665 0.5000
125 1 0 0 6.0670 7.9724 0.5000
125 1 0 0 5.7440 7.9724 0.5000
125 1 0 0 6.4100 7.9724 0.5000
125 1 0 0 6.3210 7.9724 0.5000
125 1 0 0 6.2570 7.9724 0.5000
125 1 0 0 6.2570 7.9724 0.5000
125 1 0 0 6.2960 7.9724 0.5000
125 1 0 0 5.8600 7.9724 0.5000
125 1 0 0 5.8940 7.9724 0.5000
125 1 0 0 6.2910 7.9724 0.5000
125 1 0 0 6.2480 7.9724 0.5000
125 1 0 0 5.7860 7.9724 0.5000
125 1 0 0 6.2400 7.9724 0.5000
125 1 0 0 6.2520 7.9724 0.5000
125 1 0 0 6.3470 7.9724 0.5000
125 1 0 0 6.2510 7.9724 0.5000
125 1 0 0 6.2320 7.9724 0.5000
125 1 0 0 5.8500 7.9724 0.5000
125 1 0 0 5.9610 7.9724 0.5000
125 1 0 0 6.2740 7.9724 0.5000
126 1 0 0 5.9650 7.9794 0.5000
126 1 0 0 6.3860 7.9794 0.5000
126 1 0 0 6.9230 7.9794 0.5000
126 1 0 0 6.1620 7.9794 0.5000
126 1 0 0 6.3330 7.9794 0.5000
126 1 0 0 6.2980 7.9794 0.5000
126 1 0 0 6.8800 7.9794 0.5000
126 1 0 0 6.4960 7.9794 0.5000
126 1 0 0 6.3090 7.9794 0.5000
126 1 0 0 6.2510 7.9794 0.5000
126 1 0 0 6.7450 7.9794 0.5000
126 1 0 0 6.2820 7.9794 0.5000
126 1 0 0 6.1650 7.9794 0.5000
126 1 0 0 6.3780 7.9794 0.5000
126 1 0 0 6.3050 7.9794 0.5000
126 1 0 0 6.8060 7.9794 0.5000
126 1 0 0 6.8390 7.9794 0.5000
126 1 0 0 6.1980 7.9794 0.5000
126 1 0 0 6.2020 7.9794 0.5000
126 1 0 0 6.3130 7.9794 0.5000
127 1 0 0 7.8230 8.1692 0.5000
127 1 0 0 8.2640 8.1692 0.5000
127 1 0 0 8.0490 8.1692 0.5000
127 1 0 0 7.4710 8.1692 0.5000
127 1 0 0 6.9600 8.1692 0.5000
127 1 0 0 8.4190 8.1692 0.5000
127 0 0 0 5.2160 8.1692 0.0000
127 1 0 0 7.2970 8.1692 0.5000
127 1 0 0 7.5220 8.1692 0.5000
127 1 0 0 8.1750 8.1692 0.5000
127 1 0 0 26.6630 8.1692 0.3064
127 1 0 0 8.0060 8.1692 0.5000
127 0 0 0 7.9980 8.1692 0.0000
127 1 0 0 7.3710 8.1692 0.5000
127 1 0 0 7.6150 8.1692 0.5000
127 1 0 0 7.4490 8.1692 0.5000
127 1 0 0 7.3940 8.1692 0.5000
127 1 0 0 7.4460 8.1692 0.5000
127 1 0 0 7.9030 8.1692 0.5000
127 1 0 0 7.5080 8.1692 0.5000
128 0 0 0 21.1280 7.9857 0.0000
128 0 0 0 19.9940 7.9857 0.0000
128 0 0 0 30.3620 7.9857 0.0000
128 0 0 0 15.9040 7.9857 0.0000
128 0 0 0 18.0570 7.9857 0.0000
128 0 0 0 42.9940 7.9857 0.0000
128 0 0 0 54.3800 7.9857 0.0000
128 0 0 0 17.6840 7.9857 0.0000
128 0 0 0 19.6690 7.9857 0.0000
128 0 0 0 32.3530 7.9857 0.0000
128 0 0 0 16.1810 7.9857 0.0000
128 0 0 0 14.4840 7.9857 0.0000
128 0 0 0 54.7480 7.9857 0.0000
128 0 0 0 54.8040 7.9857 0.0000
128 0 0 0 27.2980 7.9857 0.0000
128 0 0 0 37.8380 7.9857 0.0000
128 0 0 0 28.2220 7.9857 0.0000
128 0 0 0 25.8320 7.9857 0.0000
128 0 0 0 14.1740 7.9857 0.0000
128 0 0 0 40.9210 7.9857 0.0000
129 1 0 0 7.8340 8.2893 0.5000
129 1 0 0 8.0360 8.2893 0.5000
129 1 0 0 7.9410 8.2893 0.5000
129 1 0 0 6.7700 8.2893 0.5000
129 0 0 0 8.5870 8.2893 0.0000
129 1 0 0 7.8840 8.2893 0.5000
129 1 0 0 8.1740 8.2893 0.5000
129 1 0 0 8.0420 8.2893 0.5000
129 1 0 0 7.4600 8.2893 0.5000
129 1 0 0 7.9220 8.2893 0.5000
129 1 0 0 8.0610 8.2893 0.5000
129 1 0 0 7.8250 8.2893 0.5000
129 1 0 0 8.0970 8.2893 0.5000
129 1 0 0 7.5180 8.2893 0.5000
129 1 0 0 7.8490 8.2893 0.5000
129 1 0 0 8.9460 8.2893 0.5000
129 1 0 0 7.8800 8.2893 0.5000
129 1 0 0 8.0590 8.2893 0.5000
129 1 0 0 7.4500 8.2893 0.5000
129 1 0 0 8.4570 8.2893 0.5000
130 1 0 0 8.0140 8.0658 0.5000
130 1 0 0 9.0650 8.0658 0.5000
130 1 0 0 7.9110 8.0658 0.5000
130 1 0 0 8.4390 8.0658 0.5000
130 1 0 0 7.9630 8.0658 0.5000
130 1 0 0 7.8650 8.0658 0.5000
130 1 0 0 7.5830 8.0658 0.5000
130 1 0 0 7.5580 8.0658 0.5000
130 0 0 0 6.9100 8.0658 0.0000
130 1 0 0 8.0100 8.0658 0.5000
130 1 0 0 7.3300 8.0658 0.5000
130 1 0 0 8.5590 8.0658 0.5000
130 1 0 0 9.6140 8.0658 0.5000
130 1 0 0 7.3730 8.0658 0.5000
130 1 0 0 8.6030 8.0658 0.5000
130 1 0 0 8.5140 8.0658 0.5000
130 1 0 0 7.9760 8.0658 0.5000
130 1 0 0 7.9690 8.0658 0.5000
130 1 0 0 7.3480 8.0658 0.5000
130 1 0 0 8.0660 8.0658 0.5000
131 1 0 0 7.7050 8.9195 0.5000
131 1 0 0 6.7280 8.9195 0.5000
131 1 0 0 7.2800 8.9195 0.5000
131 1 0 0 7.3580 8.9195 0.5000
131 1 0 0 11.3120 8.9195 0.5000
131 1 0 0 7.5000 8.9195 0.5000
131 1 0 0 6.8560 8.9195 0.5000
131 0 0 0 4.6030 8.9195 0.0000
131 1 0 0 7.4810 8.9195 0.5000
131 1 0 0 6.8680 8.9195 0.5000
131 1 0 0 7.3350 8.9195 0.5000
131 1 0 0 7.3430 8.9195 0.5000
131 1 0 0 7.8410 8.9195 0.5000
131 1 0 0 7.2910 8.9195 0.5000
131 1 0 0 7.3750 8.9195 0.5000
131 1 0 0 7.4540 8.9195 0.5000
131 1 0 0 7.4270 8.9195 0.5000
131 0 0 0 18.5390 8.9195 0.0000
131 1 0 0 10.5360 8.9195 0.5000
131 1 0 0 7.5620 8.9195 0.5000
132 0 0 0 8.5110 7.8821 0.0000
132 1 0 0 12.9580 7.8821 0.5000
132 1 0 0 17.8670 7.8821 0.4412
132 0 0 0 19.5190 7.8821 0.0000
132 0 0 0 16.4210 7.8821 0.0000
132 1 0 0 17.8900 7.8821 0.4406
132 1 0 0 11.2660 7.8821 0.5000
132 1 0 0 11.9290 7.8821 0.5000
132 1 0 0 15.9610 7.8821 0.4938
132 1 0 0 11.7600 7.8821 0.5000
132 1 0 0 10.2760 7.8821 0.5000
132 0 0 0 10.6460 7.8821 0.0000
132 1 0 0 16.7110 7.8821 0.4717
132 1 0 0 16.8510 7.8821 0.4678
132 1 0 0 8.0550 7.8821 0.5000
132 1 0 0 13.0970 7.8821 0.5000
132 1 0 0 12.5740 7.8821 0.5000
132 0 0 0 8.5840 7.8821 0.0000
132 0 0 0 50.2030 7.8821 0.0000
132 1 0 0 30.5340 7.8821 0.2581
133 1 0 0 7.8090 7.8878 0.5000
133 1 0 0 7.4380 7.8878 0.5000
133 1 0 0 8.0210 7.8878 0.5000
133 0 0 0 14.8760 7.8878 0.0000
133 1 0 0 21.3780 7.8878 0.3690
133 0 0 0 12.6280 7.8878 0.0000
133 1 0 0 14.7280 7.8878 0.5000
133 0 0 0 17.8780 7.8878 0.0000
133 1 0 0 7.7970 7.8878 0.5000
133 1 0 0 16.4380 7.8878 0.4799
133 1 0 0 32.7690 7.8878 0.2407
133 1 0 0 7.4060 7.8878 0.5000
133 1 0 0 16.6920 7.8878 0.4726
133 1 0 0 7.4470 7.8878 0.5000
133 1 0 0 8.0480 7.8878 0.5000
133 1 0 0 16.9520 7.8878 0.4653
133 0 0 0 17.9250 7.8878 0.0000
133 0 0 0 26.5740 7.8878 0.0000
133 1 0 0 14.7250 7.8878 0.5000
133 1 0 0 15.4370 7.8878 0.5000
134 1 0 0 9.9300 7.8535 0.5000
134 1 0 0 10.3700 7.8535 0.5000
134 1 0 0 10.3980 7.8535 0.5000
134 1 0 0 9.2770 7.8535 0.5000
134 0 0 0 12.4460 7.8535 0.0000
134 1 0 0 11.2710 7.8535 0.5000
134 1 0 0 17.3760 7.8535 0.4520
134 1 0 0 29.9490 7.8535 0.2622
134 0 0 0 52.3710 7.8535 0.0000
134 1 0 0 11.0050 7.8535 0.5000
134 0 0 0 13.6690 7.8535 0.0000
134 1 0 0 10.7300 7.8535 0.5000
134 0 0 0 55.3060 7.8535 0.0000
134 1 0 0 9.0710 7.8535 0.5000
134 1 0 0 9.7080 7.8535 0.5000
134 1 0 0 10.1830 7.8535 0.5000
134 1 0 0 10.1590 7.8535 0.5000
134 1 0 0 15.3690 7.8535 0.5000
134 0 0 0 6.2970 7.8535 0.0000
134 0 0 0 28.2810 7.8535 0.0000
135 0 0 0 23.1270 7.8433 0.0000
135 1 0 0 15.2540 7.8433 0.5000
135 1 0 0 17.6320 7.8433 0.4448
135 0 0 0 16.9330 7.8433 0.0000
135 0 0 0 13.5260 7.8433 0.0000
135 1 0 0 21.5660 7.8433 0.3637
135 1 0 0 27.0780 7.8433 0.2897
135 0 0 0 29.0570 7.8433 0.0000
135 0 0 0 37.0190 7.8433 0.0000
135 0 0 0 18.7410 7.8433 0.0000
135 1 0 0 19.7790 7.8433 0.3965
135 0 0 0 29.3000 7.8433 0.0000
135 0 0 0 42.6220 7.8433 0.0000
135 0 0 0 23.0300 7.8433 0.0000
135 0 0 0 22.7590 7.8433 0.0000
135 1 0 0 14.6520 7.8433 0.5000
135 0 0 0 21.9510 7.8433 0.0000
135 0 0 0 13.4110 7.8433 0.0000
135 0 0 0 21.3120 7.8433 0.0000
135 0 0 0 19.8140 7.8433 0.0000
136 1 0 0 6.6380 7.9794 0.5000
136 1 0 0 6.3400 7.9794 0.5000
136 1 0 0 6.3430 7.9794 0.5000
136 1 0 0 6.8330 7.9794 0.5000
136 1 0 0 6.8440 7.9794 0.5000
136 1 0 0 6.3650 7.9794 0.5000
136 1 0 0 6.2650 7.9794 0.5000
136 1 0 0 6.6930 7.9794 0.5000
136 1 0 0 6.7380 7.9794 0.5000
136 1 0 0 6.2580 7.9794 0.5000
136 1 0 0 6.8170 7.9794 0.5000
136 1 0 0 6.8790 7.9794 0.5000
136 1 0 0 7.4250 7.9794 0.5000
136 1 0 0 6.3470 7.9794 0.5000
136 1 0 0 6.3730 7.9794 0.5000
136 1 0 0 6.7930 7.9794 0.5000
136 1 0 0 6.7500 7.9794 0.5000
136 1 0 0 6.9070 7.9794 0.5000
136 1 0 0 6.3210 7.9794 0.5000
136 1 0 0 6.9370 7.9794 0.5000
137 1 0 0 7.0460 7.9894 0.5000
137 1 0 0 6.9050 7.9894 0.5000
137 1 0 0 7.5290 7.9894 0.5000
137 1 0 0 6.8300 7.9894 0.5000
137 1 0 0 7.4680 7.9894 0.5000
137 1 0 0 7.4170 7.9894 0.5000
137 1 0 0 7.3620 7.9894 0.5000
137 1 0 0 7.3550 7.9894 0.5000
137 1 0 0 7.2470 7.9894 0.5000
137 1 0 0 6.9020 7.9894 0.5000
137 1 0 0 6.8340 7.9894 0.5000
137 1 0 0 7.5430 7.9894 0.5000
137 1 0 0 7.4530 7.9894 0.5000
137 1 0 0 6.7770 7.9894 0.5000
137 1 0 0 7.4030 7.9894 0.5000
137 1 0 0 6.8220 7.9894 0.5000
137 1 0 0 7.5290 7.9894 0.5000
137 1 0 0 6.8200 7.9894 0.5000
137 1 0 0 7.4340 7.9894 0.5000
137 1 0 0 6.9270 7.9894 0.5000
138 1 0 0 17.2460 9.0486 0.5000
138 0 0 0 37.1070 9.0486 0.0000
138 0 0 0 32.2340 9.0486 0.0000
138 0 0 0 33.5670 9.0486 0.0000
138 0 0 0 10.0960 9.0486 0.0000
138 0 0 0 23.4530 9.0486 0.0000
138 0 0 0 26.0850 9.0486 0.0000
138 0 0 0 19.0380 9.0486 0.0000
138 0 0 0 19.5780 9.0486 0.0000
138 0 0 0 18.0300 9.0486 0.0000
138 0 0 0 24.5690 9.0486 0.0000
138 0 0 0 54.7970 9.0486 0.0000
138 0 0 0 25.6450 9.0486 0.0000
138 0 0 0 17.9500 9.0486 0.0000
138 1 0 0 24.5290 9.0486 0.3689
138 1 0 0 34.9010 9.0486 0.2593
138 0 0 0 28.2570 9.0486 0.0000
138 0 0 0 51.5570 9.0486 0.0000
138 0 0 0 28.9880 9.0486 0.0000
138 0 0 0 17.4130 9.0486 0.0000
139 1 0 0 7.1820 7.6318 0.5000
139 1 0 0 9.0140 7.6318 0.5000
139 1 0 0 7.9400 7.6318 0.5000
139 1 0 0 7.4550 7.6318 0.5000
139 0 0 0 3.6210 7.6318 0.0000
139 1 0 0 8.4280 7.6318 0.5000
139 1 0 0 8.4470 7.6318 0.5000
139 1 0 0 7.9670 7.6318 0.5000
139 1 0 0 6.3700 7.6318 0.5000
139 1 0 0 8.9510 7.6318 0.5000
139 1 0 0 7.3430 7.6318 0.5000
139 1 0 0 7.9000 7.6318 0.5000
139 1 0 0 8.4780 7.6318 0.5000
139 1 0 0 6.9000 7.6318 0.5000
139 1 0 0 7.4290 7.6318 0.5000
139 1 0 0 7.4020 7.6318 0.5000
139 1 0 0 7.8820 7.6318 0.5000
139 1 0 0 7.9260 7.6318 0.5000
139 1 0 0 10.1840 7.6318 0.5000
139 1 0 0 7.0950 7.6318 0.5000
140 1 0 0 7.7290 7.8845 0.5000
140 1 0 0 7.9170 7.8845 0.5000
140 1 0 0 7.3760 7.8845 0.5000
140 1 0 0 8.0660 7.8845 0.5000
140 1 0 0 6.8490 7.8845 0.5000
140 1 0 0 6.7660 7.8845 0.5000
140 1 0 0 7.7660 7.8845 0.5000
140 1 0 0 7.3930 7.8845 0.5000
140 1 0 0 6.9360 7.8845 0.5000
140 1 0 0 7.9440 7.8845 0.5000
140 1 0 0 7.4930 7.8845 0.5000
140 1 0 0 7.9020 7.8845 0.5000
140 0 0 0 12.7070 7.8845 0.0000
140 1 0 0 8.4740 7.8845 0.5000
140 1 0 0 6.8530 7.8845 0.5000
140 1 0 0 8.5910 7.8845 0.5000
140 1 0 0 6.8390 7.8845 0.5000
140 1 0 0 6.9210 7.8845 0.5000
140 1 0 0 10.5850 7.8845 0.5000
140 1 0 0 7.4800 7.8845 0.5000
141 0 0 0 23.0480 8.0581 0.0000
141 0 0 0 29.7190 8.0581 0.0000
141 1 0 0 44.2210 8.0581 0.1822
141 1 0 0 7.4800 8.0581 0.5000
141 0 0 0 9.7460 8.0581 0.0000
141 1 0 0 12.5850 8.0581 0.5000
141 1 0 0 6.8850 8.0581 0.5000
141 0 0 0 7.4260 8.0581 0.0000
141 1 0 0 6.5730 8.0581 0.5000
141 1 0 0 7.4210 8.0581 0.5000
141 1 0 0 19.9920 8.0581 0.4031
141 1 0 0 8.6270 8.0581 0.5000
141 1 0 0 8.5030 8.0581 0.5000
141 1 0 0 22.2250 8.0581 0.3626
141 0 0 0 6.9450 8.0581 0.0000
141 1 0 0 22.1050 8.0581 0.3645
141 1 0 0 16.7780 8.0581 0.4803
141 1 0 0 8.6770 8.0581 0.5000
141 1 0 0 7.4330 8.0581 0.5000
141 1 0 0 9.6710 8.0581 0.5000
142 0 0 0 8.8010 8.0336 0.0000
142 1 0 0 8.4190 8.0336 0.5000
142 1 0 0 7.6310 8.0336 0.5000
142 1 0 0 7.8560 8.0336 0.5000
142 1 0 0 7.8800 8.0336 0.5000
142 1 0 0 8.5650 8.0336 0.5000
142 1 0 0 9.0560 8.0336 0.5000
142 1 0 0 7.8910 8.0336 0.5000
142 1 0 0 7.3380 8.0336 0.5000
142 1 0 0 8.7830 8.0336 0.5000
142 1 0 0 8.1820 8.0336 0.5000
142 1 0 0 7.4340 8.0336 0.5000
142 0 0 0 6.2950 8.0336 0.0000
142 1 0 0 9.4890 8.0336 0.5000
142 1 0 0 7.5180 8.0336 0.5000
142 1 0 0 7.8640 8.0336 0.5000
142 1 0 0 7.9610 8.0336 0.5000
142 0 0 0 4.7310 8.0336 0.0000
142 0 0 0 27.2210 8.0336 0.0000
142 1 0 0 8.0100 8.0336 0.5000
143 1 0 0 7.6250 8.1052 0.5000
143 1 0 0 6.8270 8.1052 0.5000
143 1 0 0 7.0220 8.1052 0.5000
143 1 0 0 7.9310 8.1052 0.5000
143 1 0 0 6.9030 8.1052 0.5000
143 1 0 0 7.9030 8.1052 0.5000
143 1 0 0 7.4940 8.1052 0.5000
143 1 0 0 7.8110 8.1052 0.5000
143 1 0 0 6.8700 8.1052 0.5000
143 1 0 0 6.7510 8.1052 0.5000
143 1 0 0 7.4530 8.1052 0.5000
143 1 0 0 7.4550 8.1052 0.5000
143 1 0 0 6.7490 8.1052 0.5000
143 1 0 0 7.2990 8.1052 0.5000
143 1 0 0 7.4920 8.1052 0.5000
143 1 0 0 7.3880 8.1052 0.5000
143 1 0 0 6.8030 8.1052 0.5000
143 1 0 0 8.0860 8.1052 0.5000
143 1 0 0 6.9270 8.1052 0.5000
143 1 0 0 6.8200 8.1052 0.5000
144 1 0 0 6.0630 7.9683 0.5000
144 1 0 0 5.7750 7.9683 0.5000
144 1 0 0 6.2360 7.9683 0.5000
144 1 0 0 6.2840 7.9683 0.5000
144 1 0 0 6.2650 7.9683 0.5000
144 1 0 0 5.7440 7.9683 0.5000
144 1 0 0 5.8730 7.9683 0.5000
144 1 0 0 5.7130 7.9683 0.5000
144 1 0 0 5.7270 7.9683 0.5000
144 1 0 0 6.2050 7.9683 0.5000
144 1 0 0 5.7570 7.9683 0.5000
144 1 0 0 5.8450 7.9683 0.5000
144 1 0 0 6.2260 7.9683 0.5000
144 1 0 0 6.2040 7.9683 0.5000
144 1 0 0 5.7240 7.9683 0.5000
144 1 0 0 5.8660 7.9683 0.5000
144 1 0 0 6.1820 7.9683 0.5000
144 1 0 0 5.7650 7.9683 0.5000
144 1 0 0 5.7140 7.9683 0.5000
144 1 0 0 5.7990 7.9683 0.5000
145 1 0 0 29.2900 7.9406 0.2711
145 0 0 0 54.8620 7.9406 0.0000
145 0 0 0 13.8090 7.9406 0.0000
145 1 0 0 25.9960 7.9406 0.3055
145 0 0 0 34.3120 7.9406 0.0000
145 1 0 0 14.3060 7.9406 0.5000
145 1 0 0 14.2040 7.9406 0.5000
145 1 0 0 19.6210 7.9406 0.4047
145 1 0 0 14.2480 7.9406 0.5000
145 0 0 0 26.3790 7.9406 0.0000
145 1 0 0 19.4500 7.9406 0.4083
145 0 0 0 21.2210 7.9406 0.0000
145 1 0 0 14.5770 7.9406 0.5000
145 0 0 0 55.0680 7.9406 0.0000
145 1 0 0 19.6000 7.9406 0.4051
145 0 0 0 10.8740 7.9406 0.0000
145 1 0 0 15.4650 7.9406 0.5000
145 1 0 0 15.9000 7.9406 0.4994
145 1 0 0 22.9340 7.9406 0.3462
145 1 0 0 19.3750 7.9406 0.4098
146 1 0 0 7.5520 8.2562 0.5000
146 1 0 0 8.5340 8.2562 0.5000
146 1 0 0 7.9720 8.2562 0.5000
146 0 0 0 5.7660 8.2562 0.0000
146 0 0 0 6.4410 8.2562 0.0000
146 1 0 0 10.6480 8.2562 0.5000
146 0 0 0 6.9330 8.2562 0.0000
146 1 0 0 10.5740 8.2562 0.5000
146 0 0 0 5.4700 8.2562 0.0000
146 1 0 0 8.1830 8.2562 0.5000
146 1 0 0 7.8380 8.2562 0.5000
146 1 0 0 6.4810 8.2562 0.5000
146 1 0 0 8.5000 8.2562 0.5000
146 1 0 0 7.2880 8.2562 0.5000
146 1 0 0 7.9270 8.2562 0.5000
146 1 0 0 9.1560 8.2562 0.5000
146 0 0 0 4.0420 8.2562 0.0000
146 1 0 0 9.6440 8.2562 0.5000
146 1 0 0 7.9570 8.2562 0.5000
146 1 0 0 8.4380 8.2562 0.5000
147 1 0 0 6.6440 8.0566 0.5000
147 1 0 0 6.8190 8.0566 0.5000
147 1 0 0 6.9700 8.0566 0.5000
147 1 0 0 6.3530 8.0566 0.5000
147 1 0 0 6.8090 8.0566 0.5000
147 1 0 0 6.4330 8.0566 0.5000
147 1 0 0 6.8500 8.0566 0.5000
147 1 0 0 6.7770 8.0566 0.5000
147 1 0 0 6.7360 8.0566 0.5000
147 1 0 0 6.8210 8.0566 0.5000
147 1 0 0 6.7180 8.0566 0.5000
147 1 0 0 6.7520 8.0566 0.5000
147 1 0 0 6.8650 8.0566 0.5000
147 1 0 0 6.8690 8.0566 0.5000
147 1 0 0 6.8560 8.0566 0.5000
147 1 0 0 6.8480 8.0566 0.5000
147 1 0 0 6.2680 8.0566 0.5000
147 1 0 0 6.7690 8.0566 0.5000
147 1 0 0 6.8070 8.0566 0.5000
147 1 0 0 6.7990 8.0566 0.5000
148 1 0 0 7.2810 7.9772 0.5000
148 1 0 0 7.0780 7.9772 0.5000
148 1 0 0 7.3990 7.9772 0.5000
148 1 0 0 7.3940 7.9772 0.5000
148 1 0 0 6.8220 7.9772 0.5000
148 1 0 0 7.3790 7.9772 0.5000
148 1 0 0 7.5660 7.9772 0.5000
148 1 0 0 6.8800 7.9772 0.5000
148 1 0 0 7.5240 7.9772 0.5000
148 1 0 0 6.9170 7.9772 0.5000
148 1 0 0 7.4890 7.9772 0.5000
148 1 0 0 6.9460 7.9772 0.5000
148 1 0 0 7.3920 7.9772 0.5000
148 1 0 0 6.8770 7.9772 0.5000
148 1 0 0 7.4720 7.9772 0.5000
148 1 0 0 6.8080 7.9772 0.5000
148 1 0 0 7.0570 7.9772 0.5000
148 1 0 0 6.9440 7.9772 0.5000
148 1 0 0 6.9160 7.9772 0.5000
148 1 0 0 6.8430 7.9772 0.5000
149 1 0 0 6.7020 8.5702 0.5000
149 1 0 0 9.5940 8.5702 0.5000
149 1 0 0 6.9540 8.5702 0.5000
149 1 0 0 6.8620 8.5702 0.5000
149 1 0 0 6.8340 8.5702 0.5000
149 1 0 0 6.7950 8.5702 0.5000
149 1 0 0 6.7560 8.5702 0.5000
149 1 0 0 6.7660 8.5702 0.5000
149 1 0 0 6.7170 8.5702 0.5000
149 1 0 0 6.7710 8.5702 0.5000
149 1 0 0 6.9500 8.5702 0.5000
149 1 0 0 6.8580 8.5702 0.5000
149 1 0 0 6.8210 8.5702 0.5000
149 1 0 0 6.8150 8.5702 0.5000
149 1 0 0 6.8990 8.5702 0.5000
149 1 0 0 9.2380 8.5702 0.5000
149 1 0 0 6.8510 8.5702 0.5000
149 1 0 0 6.7890 8.5702 0.5000
149 1 0 0 6.8650 8.5702 0.5000
149 1 0 0 6.8430 8.5702 0.5000
150 0 0 0 17.7810 7.9223 0.0000
150 0 0 0 12.8270 7.9223 0.0000
150 1 0 0 20.0180 7.9223 0.3958
150 1 0 0 26.4260 7.9223 0.2998
150 0 0 0 17.3910 7.9223 0.0000
150 0 0 0 36.2380 7.9223 0.0000
150 0 0 0 55.2420 7.9223 0.0000
150 1 0 0 13.4230 7.9223 0.5000
150 0 0 0 31.8240 7.9223 0.0000
150 0 0 0 41.3010 7.9223 0.0000
150 1 0 0 48.2760 7.9223 0.1641
150 1 0 0 16.3840 7.9223 0.4835
150 1 0 0 13.8280 7.9223 0.5000
150 1 0 0 53.5150 7.9223 0.1480
150 1 0 0 12.7030 7.9223 0.5000
150 1 0 0 12.5780 7.9223 0.5000
150 0 0 0 19.7970 7.9223 0.0000
150 1 0 0 12.4910 7.9223 0.5000
150 0 0 0 27.5650 7.9223 0.0000
150 1 0 0 13.2130 7.9223 0.5000
151 0 0 0 54.8980 7.9335 0.0000
151 0 0 0 10.3560 7.9335 0.0000
151 1 0 0 12.0760 7.9335 0.5000
151 0 0 0 24.1590 7.9335 0.0000
151 0 0 0 54.6460 7.9335 0.0000
151 0 0 0 22.7980 7.9335 0.0000
151 0 0 0 28.7620 7.9335 0.0000
151 0 0 0 44.5410 7.9335 0.0000
151 0 0 0 37.7210 7.9335 0.0000
151 1 0 0 16.2270 7.9335 0.4889
151 1 0 0 16.1670 7.9335 0.4907
151 1 0 0 35.3450 7.9335 0.2245
151 1 0 0 12.4360 7.9335 0.5000
151 0 0 0 54.6650 7.9335 0.0000
151 0 0 0 12.5780 7.9335 0.0000
151 0 0 0 17.1670 7.9335 0.0000
151 0 0 0 55.7350 7.9335 0.0000
151 0 0 0 28.4000 7.9335 0.0000
151 1 0 0 18.6190 7.9335 0.4261
151 0 0 0 18.8380 7.9335 0.0000
152 1 0 0 9.4310 8.1617 0.5000
152 1 0 0 9.1590 8.1617 0.5000
152 1 0 0 8.5340 8.1617 0.5000
152 1 0 0 8.5390 8.1617 0.5000
152 1 0 0 11.4260 8.1617 0.5000
152 1 0 0 8.3490 8.1617 0.5000
152 1 0 0 8.5100 8.1617 0.5000
152 1 0 0 7.9480 8.1617 0.5000
152 0 0 0 7.4270 8.1617 0.0000
152 1 0 0 8.4870 8.1617 0.5000
152 1 0 0 9.1320 8.1617 0.5000
152 1 0 0 10.1750 8.1617 0.5000
152 1 0 0 9.2000 8.1617 0.5000
152 1 0 0 9.1390 8.1617 0.5000
152 1 0 0 9.2080 8.1617 0.5000
152 1 0 0 9.0670 8.1617 0.5000
152 1 0 0 8.5060 8.1617 0.5000
152 1 0 0 8.5460 8.1617 0.5000
152 0 0 0 6.2460 8.1617 0.0000
152 1 0 0 8.5890 8.1617 0.5000
153 1 0 0 11.7420 8.3175 0.5000
153 1 0 0 21.8770 8.3175 0.3802
153 0 0 0 6.9520 8.3175 0.0000
153 1 0 0 18.4480 8.3175 0.4509
153 1 0 0 12.0690 8.3175 0.5000
153 0 0 0 15.6470 8.3175 0.0000
153 0 0 0 13.5250 8.3175 0.0000
153 1 0 0 14.0980 8.3175 0.5000
153 0 0 0 35.8930 8.3175 0.0000
153 0 0 0 52.3020 8.3175 0.0000
153 0 0 0 7.9470 8.3175 0.0000
153 0 0 0 47.9180 8.3175 0.0000
153 0 0 0 54.5400 8.3175 0.0000
153 1 0 0 18.5250 8.3175 0.4490
153 1 0 0 17.3650 8.3175 0.4790
153 0 0 0 11.3820 8.3175 0.0000
153 1 0 0 20.3110 8.3175 0.4095
153 1 0 0 11.8620 8.3175 0.5000
153 0 0 0 6.9720 8.3175 0.0000
153 1 0 0 15.7930 8.3175 0.5000
154 0 0 0 18.8020 7.8169 0.0000
154 1 0 0 11.1740 7.8169 0.5000
154 0 0 0 8.0230 7.8169 0.0000
154 1 0 0 11.2770 7.8169 0.5000
154 1 0 0 9.5880 7.8169 0.5000
154 1 0 0 13.4890 7.8169 0.5000
154 1 0 0 11.3380 7.8169 0.5000
154 0 0 0 11.3010 7.8169 0.0000
154 1 0 0 10.2730 7.8169 0.5000
154 1 0 0 11.3510 7.8169 0.5000
154 1 0 0 10.7160 7.8169 0.5000
154 1 0 0 9.6230 7.8169 0.5000
154 1 0 0 10.2060 7.8169 0.5000
154 1 0 0 11.0720 7.8169 0.5000
154 1 0 0 10.2520 7.8169 0.5000
154 0 0 0 7.8760 7.8169 0.0000
154 1 0 0 10.3730 7.8169 0.5000
154 0 0 0 48.6680 7.8169 0.0000
154 1 0 0 9.8430 7.8169 0.5000
154 0 0 0 11.2140 7.8169 0.0000
155 1 0 0 8.2720 7.8592 0.5000
155 1 0 0 9.2400 7.8592 0.5000
155 1 0 0 11.3370 7.8592 0.5000
155 1 0 0 8.0030 7.8592 0.5000
155 1 0 0 8.4540 7.8592 0.5000
155 0 0 0 13.3530 7.8592 0.0000
155 1 0 0 7.8990 7.8592 0.5000
155 1 0 0 9.6240 7.8592 0.5000
155 1 0 0 8.5240 7.8592 0.5000
155 0 0 0 5.8540 7.8592 0.0000
155 1 0 0 8.9370 7.8592 0.5000
155 1 0 0 8.6000 7.8592 0.5000
155 1 0 0 9.6720 7.8592 0.5000
155 1 0 0 10.1930 7.8592 0.5000
155 1 0 0 9.0030 7.8592 0.5000
155 1 0 0 17.4430 7.8592 0.4506
155 0 0 0 4.7700 7.8592 0.0000
155 1 0 0 7.9600 7.8592 0.5000
155 1 0 0 7.5460 7.8592 0.5000
155 1 0 0 9.1000 7.8592 0.5000
156 0 0 0 7.2240 7.6779 0.0000
156 0 0 0 6.3640 7.6779 0.0000
156 1 0 0 8.0400 7.6779 0.5000
156 1 0 0 8.0650 7.6779 0.5000
156 1 0 0 7.9530 7.6779 0.5000
156 1 0 0 8.0900 7.6779 0.5000
156 1 0 0 8.5380 7.6779 0.5000
156 1 0 0 8.4760 7.6779 0.5000
156 1 0 0 8.1000 7.6779 0.5000
156 1 0 0 8.5410 7.6779 0.5000
156 0 0 0 7.9910 7.6779 0.0000
156 1 0 0 8.2010 7.6779 0.5000
156 1 0 0 8.5590 7.6779 0.5000
156 1 0 0 8.2200 7.6779 0.5000
156 1 0 0 7.9880 7.6779 0.5000
156 0 0 0 11.8120 7.6779 0.0000
156 1 0 0 8.9070 7.6779 0.5000
156 1 0 0 8.4460 7.6779 0.5000
156 1 0 0 9.1200 7.6779 0.5000
156 1 0 0 8.6980 7.6779 0.5000
157 0 0 0 55.4210 8.7112 0.0000
157 0 0 0 42.1940 8.7112 0.0000
157 0 0 0 55.0960 8.7112 0.0000
157 0 0 0 16.1580 8.7112 0.0000
157 0 0 0 41.7750 8.7112 0.0000
157 0 0 0 49.0400 8.7112 0.0000
157 0 0 0 55.2690 8.7112 0.0000
157 0 0 0 10.9940 8.7112 0.0000
157 0 0 0 23.0450 8.7112 0.0000
157 0 0 0 43.2030 8.7112 0.0000
157 0 0 0 49.8040 8.7112 0.0000
157 0 0 0 43.1620 8.7112 0.0000
157 0 0 0 15.6770 8.7112 0.0000
157 0 0 0 50.1780 8.7112 0.0000
157 0 0 0 19.0880 8.7112 0.0000
157 0 0 0 32.5120 8.7112 0.0000
157 0 0 0 54.8780 8.7112 0.0000
157 0 0 0 15.2980 8.7112 0.0000
157 0 0 0 54.0450 8.7112 0.0000
157 0 0 0 56.0670 8.7112 0.0000
158 1 0 0 7.7740 7.8738 0.5000
158 1 0 0 8.5060 7.8738 0.5000
158 1 0 0 8.0210 7.8738 0.5000
158 1 0 0 7.4210 7.8738 0.5000
158 0 0 0 6.3500 7.8738 0.0000
158 1 0 0 7.8720 7.8738 0.5000
158 1 0 0 7.9180 7.8738 0.5000
158 1 0 0 7.4270 7.8738 0.5000
158 1 0 0 8.0440 7.8738 0.5000
158 1 0 0 9.0560 7.8738 0.5000
158 1 0 0 9.1760 7.8738 0.5000
158 1 0 0 7.9100 7.8738 0.5000
158 1 0 0 7.3070 7.8738 0.5000
158 1 0 0 6.4410 7.8738 0.5000
158 1 0 0 7.2700 7.8738 0.5000
158 0 0 0 6.8490 7.8738 0.0000
158 0 0 0 23.4230 7.8738 0.0000
158 1 0 0 7.8630 7.8738 0.5000
158 1 0 0 11.2040 7.8738 0.5000
158 0 0 0 9.0640 7.8738 0.0000
159 1 0 0 8.3600 8.1268 0.5000
159 1 0 0 7.9230 8.1268 0.5000
159 1 0 0 6.8830 8.1268 0.5000
159 1 0 0 8.4630 8.1268 0.5000
159 1 0 0 6.8630 8.1268 0.5000
159 0 0 0 32.5100 8.1268 0.0000
159 1 0 0 8.3580 8.1268 0.5000
159 1 0 0 7.4060 8.1268 0.5000
159 1 0 0 7.9170 8.1268 0.5000
159 1 0 0 8.5630 8.1268 0.5000
159 1 0 0 8.4260 8.1268 0.5000
159 1 0 0 7.4470 8.1268 0.5000
159 1 0 0 7.4200 8.1268 0.5000
159 1 0 0 8.5310 8.1268 0.5000
159 1 0 0 8.4840 8.1268 0.5000
159 1 0 0 7.8440 8.1268 0.5000
159 1 0 0 8.3670 8.1268 0.5000
159 1 0 0 8.9850 8.1268 0.5000
159 1 0 0 7.3700 8.1268 0.5000
159 1 0 0 7.8220 8.1268 0.5000
160 1 0 0 5.9460 8.1290 0.5000
160 1 0 0 6.2500 8.1290 0.5000
160 1 0 0 6.1850 8.1290 0.5000
160 1 0 0 6.3320 8.1290 0.5000
160 1 0 0 6.2740 8.1290 0.5000
160 1 0 0 6.1860 8.1290 0.5000
160 1 0 0 6.1930 8.1290 0.5000
160 1 0 0 6.1810 8.1290 0.5000
160 1 0 0 6.1060 8.1290 0.5000
160 1 0 0 6.1660 8.1290 0.5000
160 1 0 0 6.1520 8.1290 0.5000
160 1 0 0 6.2460 8.1290 0.5000
160 1 0 0 5.8060 8.1290 0.5000
160 1 0 0 6.2740 8.1290 0.5000
160 1 0 0 6.2740 8.1290 0.5000
160 1 0 0 5.7980 8.1290 0.5000
160 1 0 0 6.2170 8.1290 0.5000
160 1 0 0 6.2140 8.1290 0.5000
160 1 0 0 6.2110 8.1290 0.5000
160 1 0 0 6.2860 8.1290 0.5000
161 0 0 0 55.3980 7.9445 0.0000
161 0 0 0 55.1770 7.9445 0.0000
161 0 0 0 55.0550 7.9445 0.0000
161 0 0 0 55.2170 7.9445 0.0000
161 0 0 0 55.7260 7.9445 0.0000
161 0 0 0 54.7610 7.9445 0.0000
161 0 0 0 55.7050 7.9445 0.0000
161 0 0 0 41.2870 7.9445 0.0000
161 0 0 0 53.9970 7.9445 0.0000
161 0 0 0 55.1050 7.9445 0.0000
161 0 0 0 55.3190 7.9445 0.0000
161 0 0 0 56.1210 7.9445 0.0000
161 0 0 0 49.3190 7.9445 0.0000
161 0 0 0 55.1960 7.9445 0.0000
161 0 0 0 49.3110 7.9445 0.0000
161 0 0 0 55.4540 7.9445 0.0000
161 0 0 0 33.8650 7.9445 0.0000
161 0 0 0 47.9640 7.9445 0.0000
161 1 0 0 50.5570 7.9445 0.1571
161 0 0 0 55.9060 7.9445 0.0000
162 1 0 0 7.2600 7.9140 0.5000
162 1 0 0 7.3360 7.9140 0.5000
162 1 0 0 6.7530 7.9140 0.5000
162 1 0 0 7.4130 7.9140 0.5000
162 1 0 0 6.9130 7.9140 0.5000
162 1 0 0 7.3000 7.9140 0.5000
162 1 0 0 7.2590 7.9140 0.5000
162 1 0 0 6.9800 7.9140 0.5000
162 0 0 0 4.1370 7.9140 0.0000
162 1 0 0 7.2980 7.9140 0.5000
162 1 0 0 7.5390 7.9140 0.5000
162 1 0 0 7.3800 7.9140 0.5000
162 1 0 0 6.9020 7.9140 0.5000
162 1 0 0 6.8490 7.9140 0.5000
162 1 0 0 7.2710 7.9140 0.5000
162 1 0 0 7.4230 7.9140 0.5000
162 1 0 0 7.5980 7.9140 0.5000
162 1 0 0 7.3330 7.9140 0.5000
162 1 0 0 7.3020 7.9140 0.5000
162 1 0 0 6.8040 7.9140 0.5000
163 0 0 0 10.0240 8.2331 0.0000
163 0 0 0 18.7170 8.2331 0.0000
163 0 0 0 10.6970 8.2331 0.0000
163 1 0 0 12.6270 8.2331 0.5000
163 0 0 0 8.6160 8.2331 0.0000
163 0 0 0 22.7560 8.2331 0.0000
163 0 0 0 32.0020 8.2331 0.0000
163 0 0 0 25.7590 8.2331 0.0000
163 0 0 0 20.7350 8.2331 0.0000
163 0 0 0 12.4990 8.2331 0.0000
163 0 0 0 9.1170 8.2331 0.0000
163 1 0 0 19.0470 8.2331 0.4323
163 1 0 0 14.7300 8.2331 0.5000
163 1 0 0 14.0900 8.2331 0.5000
163 0 0 0 8.5490 8.2331 0.0000
163 0 0 0 13.5780 8.2331 0.0000
163 0 0 0 9.3960 8.2331 0.0000
163 0 0 0 32.2030 8.2331 0.0000
163 0 0 0 31.9070 8.2331 0.0000
163 0 0 0 54.8420 8.2331 0.0000
164 0 0 0 20.6680 8.6209 0.0000
164 0 0 0 14.0420 8.6209 0.0000
164 1 0 0 9.0620 8.6209 0.5000
164 1 0 0 18.0960 8.6209 0.4764
164 0 0 0 15.0030 8.6209 0.0000
164 0 0 0 11.6440 8.6209 0.0000
164 1 0 0 12.2660 8.6209 0.5000
164 1 0 0 16.2220 8.6209 0.5000
164 1 0 0 17.3330 8.6209 0.4974
164 1 0 0 10.7370 8.6209 0.5000
164 1 0 0 7.3690 8.6209 0.5000
164 0 0 0 21.7300 8.6209 0.0000
164 0 0 0 6.7350 8.6209 0.0000
164 1 0 0 19.6560 8.6209 0.4386
164 0 0 0 49.2650 8.6209 0.0000
164 0 0 0 9.5150 8.6209 0.0000
164 1 0 0 11.7290 8.6209 0.5000
164 0 0 0 5.7930 8.6209 0.0000
164 0 0 0 4.8850 8.6209 0.0000
164 0 0 0 18.9350 8.6209 0.0000
165 1 0 0 7.6700 7.8863 0.5000
165 1 0 0 6.8530 7.8863 0.5000
165 1 0 0 8.0870 7.8863 0.5000
165 1 0 0 7.5630 7.8863 0.5000
165 1 0 0 7.9580 7.8863 0.5000
165 1 0 0 7.9690 7.8863 0.5000
165 1 0 0 7.4890 7.8863 0.5000
165 1 0 0 7.9840 7.8863 0.5000
165 1 0 0 7.9810 7.8863 0.5000
165 1 0 0 6.8470 7.8863 0.5000
165 1 0 0 7.0590 7.8863 0.5000
165 1 0 0 7.4850 7.8863 0.5000
165 1 0 0 8.5930 7.8863 0.5000
165 1 0 0 7.9010 7.8863 0.5000
165 0 0 0 54.2860 7.8863 0.0000
165 1 0 0 8.6320 7.8863 0.5000
165 1 0 0 7.2970 7.8863 0.5000
165 1 0 0 8.5790 7.8863 0.5000
165 1 0 0 8.5740 7.8863 0.5000
165 1 0 0 6.9050 7.8863 0.5000
166 1 0 0 8.1640 7.6616 0.5000
166 1 0 0 6.8970 7.6616 0.5000
166 1 0 0 7.1160 7.6616 0.5000
166 1 0 0 6.8850 7.6616 0.5000
166 1 0 0 8.6280 7.6616 0.5000
166 1 0 0 7.4060 7.6616 0.5000
166 1 0 0 6.8750 7.6616 0.5000
166 1 0 0 13.4010 7.6616 0.5000
166 1 0 0 7.8720 7.6616 0.5000
166 1 0 0 7.8540 7.6616 0.5000
166 1 0 0 6.9190 7.6616 0.5000
166 1 0 0 8.5350 7.6616 0.5000
166 1 0 0 16.8070 7.6616 0.4559
166 1 0 0 7.8930 7.6616 0.5000
166 1 0 0 9.1060 7.6616 0.5000
166 1 0 0 11.1520 7.6616 0.5000
166 1 0 0 8.0670 7.6616 0.5000
166 1 0 0 7.4880 7.6616 0.5000
166 1 0 0 6.8970 7.6616 0.5000
166 1 0 0 7.5220 7.6616 0.5000
167 0 0 0 7.2010 8.5229 0.0000
167 1 0 0 7.3580 8.5229 0.5000
167 1 0 0 8.0820 8.5229 0.5000
167 1 0 0 7.3970 8.5229 0.5000
167 1 0 0 7.0930 8.5229 0.5000
167 1 0 0 7.4190 8.5229 0.5000
167 1 0 0 7.9730 8.5229 0.5000
167 1 0 0 7.4120 8.5229 0.5000
167 1 0 0 9.1440 8.5229 0.5000
167 1 0 0 13.3310 8.5229 0.5000
167 1 0 0 8.0680 8.5229 0.5000
167 1 0 0 6.8190 8.5229 0.5000
167 1 0 0 6.8980 8.5229 0.5000
167 1 0 0 7.3350 8.5229 0.5000
167 1 0 0 6.8830 8.5229 0.5000
167 1 0 0 7.8380 8.5229 0.5000
167 1 0 0 6.9280 8.5229 0.5000
167 1 0 0 11.3260 8.5229 0.5000
167 1 0 0 7.3690 8.5229 0.5000
167 1 0 0 9.9820 8.5229 0.5000
168 1 0 0 9.4700 8.2366 0.5000
168 1 0 0 9.5340 8.2366 0.5000
168 1 0 0 9.1070 8.2366 0.5000
168 1 0 0 9.2340 8.2366 0.5000
168 1 0 0 9.1050 8.2366 0.5000
168 1 0 0 8.6440 8.2366 0.5000
168 1 0 0 9.1940 8.2366 0.5000
168 1 0 0 12.9380 8.2366 0.5000
168 1 0 0 8.7860 8.2366 0.5000
168 0 0 0 13.8240 8.2366 0.0000
168 1 0 0 12.9530 8.2366 0.5000
168 1 0 0 11.8230 8.2366 0.5000
168 1 0 0 9.0590 8.2366 0.5000
168 1 0 0 14.0490 8.2366 0.5000
168 1 0 0 9.2000 8.2366 0.5000
168 1 0 0 8.4760 8.2366 0.5000
168 1 0 0 9.6930 8.2366 0.5000
168 1 0 0 9.1780 8.2366 0.5000
168 1 0 0 8.0230 8.2366 0.5000
168 1 0 0 8.5880 8.2366 0.5000
169 1 0 0 9.4800 7.9483 0.5000
169 1 0 0 10.2470 7.9483 0.5000
169 1 0 0 9.2760 7.9483 0.5000
169 1 0 0 10.3480 7.9483 0.5000
169 1 0 0 9.6470 7.9483 0.5000
169 1 0 0 10.0770 7.9483 0.5000
169 1 0 0 10.3390 7.9483 0.5000
169 1 0 0 10.1400 7.9483 0.5000
169 1 0 0 9.5550 7.9483 0.5000
169 1 0 0 9.1980 7.9483 0.5000
169 0 0 0 11.2020 7.9483 0.0000
169 1 0 0 10.2100 7.9483 0.5000
169 1 0 0 8.9860 7.9483 0.5000
169 1 0 0 10.7960 7.9483 0.5000
169 1 0 0 10.8100 7.9483 0.5000
169 1 0 0 10.1740 7.9483 0.5000
169 1 0 0 9.5780 7.9483 0.5000
169 1 0 0 9.1600 7.9483 0.5000
169 1 0 0 9.7420 7.9483 0.5000
169 1 0 0 10.1560 7.9483 0.5000
170 1 0 0 7.6440 8.5370 0.5000
170 1 0 0 6.8490 8.5370 0.5000
170 1 0 0 6.8420 8.5370 0.5000
170 1 0 0 7.4740 8.5370 0.5000
170 1 0 0 8.5960 8.5370 0.5000
170 1 0 0 6.7820 8.5370 0.5000
170 1 0 0 7.3990 8.5370 0.5000
170 1 0 0 6.8210 8.5370 0.5000
170 1 0 0 8.9240 8.5370 0.5000
170 1 0 0 6.8220 8.5370 0.5000
170 1 0 0 6.8780 8.5370 0.5000
170 1 0 0 6.8030 8.5370 0.5000
170 1 0 0 6.9120 8.5370 0.5000
170 1 0 0 10.7010 8.5370 0.5000
170 1 0 0 6.8120 8.5370 0.5000
170 1 0 0 7.3220 8.5370 0.5000
170 1 0 0 6.8290 8.5370 0.5000
170 0 0 0 7.9090 8.5370 0.0000
170 1 0 0 6.5850 8.5370 0.5000
170 1 0 0 6.7940 8.5370 0.5000
171 1 0 0 16.2180 8.1017 0.4995
171 1 0 0 15.9600 8.1017 0.5000
171 1 0 0 14.9070 8.1017 0.5000
171 1 0 0 13.5770 8.1017 0.5000
171 1 0 0 16.8000 8.1017 0.4822
171 1 0 0 21.4360 8.1017 0.3779
171 1 0 0 15.4090 8.1017 0.5000
171 1 0 0 25.6150 8.1017 0.3163
171 1 0 0 15.7900 8.1017 0.5000
171 1 0 0 14.8350 8.1017 0.5000
171 1 0 0 17.4320 8.1017 0.4648
171 1 0 0 15.5740 8.1017 0.5000
171 1 0 0 12.5340 8.1017 0.5000
171 1 0 0 16.1290 8.1017 0.5000
171 1 0 0 18.1830 8.1017 0.4456
171 1 0 0 15.2650 8.1017 0.5000
171 0 0 0 55.0740 8.1017 0.0000
171 1 0 0 14.2260 8.1017 0.5000
171 0 0 0 13.8510 8.1017 0.0000
171 1 0 0 15.7520 8.1017 0.5000
172 0 0 0 6.1750 7.8436 0.0000
172 1 0 0 7.9700 7.8436 0.5000
172 1 0 0 8.5150 7.8436 0.5000
172 1 0 0 7.3620 7.8436 0.5000
172 0 0 0 15.0780 7.8436 0.0000
172 1 0 0 9.0980 7.8436 0.5000
172 0 0 0 5.8920 7.8436 0.0000
172 1 0 0 8.0600 7.8436 0.5000
172 1 0 0 7.4880 7.8436 0.5000
172 0 0 0 8.0740 7.8436 0.0000
172 0 0 0 6.2860 7.8436 0.0000
172 0 0 0 5.9410 7.8436 0.0000
172 1 0 0 8.0580 7.8436 0.5000
172 1 0 0 7.4380 7.8436 0.5000
172 1 0 0 8.6370 7.8436 0.5000
172 1 0 0 9.0640 7.8436 0.5000
172 1 0 0 7.4740 7.8436 0.5000
172 1 0 0 8.0550 7.8436 0.5000
172 1 0 0 8.0220 7.8436 0.5000
172 1 0 0 8.5450 7.8436 0.5000
173 1 0 0 6.6400 7.7193 0.5000
173 1 0 0 6.8600 7.7193 0.5000
173 1 0 0 6.9090 7.7193 0.5000
173 1 0 0 6.2980 7.7193 0.5000
173 1 0 0 6.8440 7.7193 0.5000
173 1 0 0 6.9100 7.7193 0.5000
173 1 0 0 6.9190 7.7193 0.5000
173 1 0 0 6.8100 7.7193 0.5000
173 1 0 0 6.9260 7.7193 0.5000
173 1 0 0 6.8820 7.7193 0.5000
173 1 0 0 6.8610 7.7193 0.5000
173 1 0 0 6.4200 7.7193 0.5000
173 1 0 0 6.4660 7.7193 0.5000
173 1 0 0 6.8900 7.7193 0.5000
173 1 0 0 6.7760 7.7193 0.5000
173 1 0 0 6.8500 7.7193 0.5000
173 1 0 0 6.7760 7.7193 0.5000
173 1 0 0 6.8230 7.7193 0.5000
173 1 0 0 6.8500 7.7193 0.5000
173 1 0 0 6.8120 7.7193 0.5000
174 1 0 0 6.6610 7.8371 0.5000
174 1 0 0 8.0110 7.8371 0.5000
174 1 0 0 6.8140 7.8371 0.5000
174 1 0 0 7.9250 7.8371 0.5000
174 1 0 0 6.7710 7.8371 0.5000
174 1 0 0 6.7820 7.8371 0.5000
174 1 0 0 6.9380 7.8371 0.5000
174 1 0 0 6.3950 7.8371 0.5000
174 1 0 0 6.7300 7.8371 0.5000
174 0 0 0 14.5540 7.8371 0.0000
174 1 0 0 6.9910 7.8371 0.5000
174 1 0 0 8.0300 7.8371 0.5000
174 1 0 0 7.0150 7.8371 0.5000
174 1 0 0 8.0190 7.8371 0.5000
174 1 0 0 6.7630 7.8371 0.5000
174 0 0 0 11.0990 7.8371 0.0000
174 1 0 0 6.8090 7.8371 0.5000
174 1 0 0 6.3320 7.8371 0.5000
174 1 0 0 6.8520 7.8371 0.5000
174 1 0 0 7.9500 7.8371 0.5000
175 1 0 0 7.8200 8.1769 0.5000
175 0 0 0 7.4780 8.1769 0.0000
175 1 0 0 8.4610 8.1769 0.5000
175 1 0 0 19.3750 8.1769 0.4220
175 1 0 0 9.8360 8.1769 0.5000
175 1 0 0 8.2200 8.1769 0.5000
175 1 0 0 9.4850 8.1769 0.5000
175 1 0 0 9.6460 8.1769 0.5000
175 1 0 0 8.4860 8.1769 0.5000
175 1 0 0 10.6980 8.1769 0.5000
175 1 0 0 9.0980 8.1769 0.5000
175 1 0 0 9.9170 8.1769 0.5000
175 1 0 0 9.5450 8.1769 0.5000
175 1 0 0 8.5060 8.1769 0.5000
175 1 0 0 8.5340 8.1769 0.5000
175 1 0 0 8.0770 8.1769 0.5000
175 1 0 0 9.7440 8.1769 0.5000
175 1 0 0 9.5470 8.1769 0.5000
175 1 0 0 7.9330 8.1769 0.5000
175 1 0 0 9.5010 8.1769 0.5000
176 0 0 0 18.0790 7.9041 0.0000
176 0 0 0 10.3500 7.9041 0.0000
176 0 0 0 11.5550 7.9041 0.0000
176 1 0 0 12.2200 7.9041 0.5000
176 1 0 0 13.5170 7.9041 0.5000
176 0 0 0 54.7000 7.9041 0.0000
176 1 0 0 14.3410 7.9041 0.5000
176 1 0 0 17.3420 7.9041 0.4558
176 1 0 0 12.0590 7.9041 0.5000
176 1 0 0 15.8600 7.9041 0.4984
176 1 0 0 13.1580 7.9041 0.5000
176 1 0 0 14.1640 7.9041 0.5000
176 1 0 0 12.0420 7.9041 0.5000
176 1 0 0 13.4670 7.9041 0.5000
176 0 0 0 55.2580 7.9041 0.0000
176 0 0 0 10.6150 7.9041 0.0000
176 1 0 0 12.9330 7.9041 0.5000
176 1 0 0 18.0260 7.9041 0.4385
176 1 0 0 13.2000 7.9041 0.5000
176 1 0 0 12.5490 7.9041 0.5000
177 1 0 0 7.7040 9.1208 0.5000
177 1 0 0 7.4590 9.1208 0.5000
177 1 0 0 7.4380 9.1208 0.5000
177 0 0 0 7.3990 9.1208 0.0000
177 1 0 0 7.8520 9.1208 0.5000
177 0 0 0 13.4990 9.1208 0.0000
177 1 0 0 7.7990 9.1208 0.5000
177 1 0 0 7.8810 9.1208 0.5000
177 1 0 0 9.0610 9.1208 0.5000
177 0 0 0 19.8520 9.1208 0.0000
177 0 0 0 12.4100 9.1208 0.0000
177 1 0 0 7.5620 9.1208 0.5000
177 1 0 0 8.0350 9.1208 0.5000
177 1 0 0 8.0470 9.1208 0.5000
177 1 0 0 7.5210 9.1208 0.5000
177 0 0 0 9.1640 9.1208 0.0000
177 1 0 0 7.5720 9.1208 0.5000
177 1 0 0 8.5460 9.1208 0.5000
177 0 0 0 5.8310 9.1208 0.0000
177 1 0 0 16.7000 9.1208 0.5000
178 1 0 0 11.7560 7.9380 0.5000
178 0 0 0 8.1290 7.9380 0.0000
178 1 0 0 11.3550 7.9380 0.5000
178 1 0 0 11.3350 7.9380 0.5000
178 0 0 0 8.5880 7.9380 0.0000
178 0 0 0 6.9930 7.9380 0.0000
178 1 0 0 14.8860 7.9380 0.5000
178 1 0 0 11.2330 7.9380 0.5000
178 1 0 0 15.2220 7.9380 0.5000
178 0 0 0 8.0410 7.9380 0.0000
178 1 0 0 11.2720 7.9380 0.5000
178 0 0 0 8.6930 7.9380 0.0000
178 1 0 0 10.8750 7.9380 0.5000
178 1 0 0 9.5690 7.9380 0.5000
178 0 0 0 8.6870 7.9380 0.0000
178 1 0 0 12.4200 7.9380 0.5000
178 1 0 0 11.3370 7.9380 0.5000
178 0 0 0 9.1590 7.9380 0.0000
178 1 0 0 12.5300 7.9380 0.5000
178 0 0 0 9.8580 7.9380 0.0000
179 0 0 0 7.8400 7.9033 0.0000
179 1 0 0 8.7990 7.9033 0.5000
179 1 0 0 7.4230 7.9033 0.5000
179 0 0 0 9.1500 7.9033 0.0000
179 1 0 0 7.3650 7.9033 0.5000
179 1 0 0 7.4280 7.9033 0.5000
179 1 0 0 7.4570 7.9033 0.5000
179 1 0 0 7.4400 7.9033 0.5000
179 1 0 0 7.9620 7.9033 0.5000
179 1 0 0 7.4550 7.9033 0.5000
179 1 0 0 7.9090 7.9033 0.5000
179 1 0 0 12.8360 7.9033 0.5000
179 1 0 0 7.9530 7.9033 0.5000
179 1 0 0 7.3460 7.9033 0.5000
179 0 0 0 14.0120 7.9033 0.0000
179 1 0 0 7.3240 7.9033 0.5000
179 1 0 0 7.9640 7.9033 0.5000
179 1 0 0 7.5050 7.9033 0.5000
179 1 0 0 7.8720 7.9033 0.5000
179 1 0 0 7.8520 7.9033 0.5000
180 1 0 0 16.1880 8.1770 0.5000
180 1 0 0 25.8300 8.1770 0.3166
180 0 0 0 27.6960 8.1770 0.0000
180 1 0 0 27.6420 8.1770 0.2958
180 1 0 0 33.9940 8.1770 0.2405
180 1 0 0 21.2310 8.1770 0.3851
180 0 0 0 24.8200 8.1770 0.0000
180 0 0 0 55.3380 8.1770 0.0000
180 1 0 0 18.8670 8.1770 0.4334
180 0 0 0 20.0060 8.1770 0.0000
180 0 0 0 5.1110 8.1770 0.0000
180 1 0 0 9.3020 8.1770 0.5000
180 1 0 0 18.8740 8.1770 0.4332
180 1 0 0 10.6830 8.1770 0.5000
180 0 0 0 8.9620 8.1770 0.0000
180 1 0 0 23.3190 8.1770 0.3507
180 1 0 0 26.5710 8.1770 0.3077
180 1 0 0 11.5350 8.1770 0.5000
180 1 0 0 10.8220 8.1770 0.5000
180 1 0 0 13.5820 8.1770 0.5000
181 0 0 0 55.4910 8.5661 0.0000
181 0 0 0 55.3970 8.5661 0.0000
181 0 0 0 32.1690 8.5661 0.0000
181 0 0 0 55.5930 8.5661 0.0000
181 0 0 0 24.6650 8.5661 0.0000
181 0 0 0 55.4680 8.5661 0.0000
181 0 0 0 56.4150 8.5661 0.0000
181 0 0 0 54.6000 8.5661 0.0000
181 0 0 0 55.7320 8.5661 0.0000
181 0 0 0 12.9200 8.5661 0.0000
181 1 0 0 7.3320 8.5661 0.5000
181 1 0 0 18.1340 8.5661 0.4724
181 0 0 0 55.8270 8.5661 0.0000
181 0 0 0 54.5040 8.5661 0.0000
181 0 0 0 9.2240 8.5661 0.0000
181 0 0 0 9.1650 8.5661 0.0000
181 0 0 0 14.7320 8.5661 0.0000
181 0 0 0 56.2850 8.5661 0.0000
181 0 0 0 55.1770 8.5661 0.0000
181 1 0 0 14.8020 8.5661 0.5000
182 1 0 0 7.9470 7.8242 0.5000
182 1 0 0 8.0070 7.8242 0.5000
182 1 0 0 8.0220 7.8242 0.5000
182 1 0 0 7.3470 7.8242 0.5000
182 1 0 0 7.5110 7.8242 0.5000
182 1 0 0 7.4850 7.8242 0.5000
182 1 0 0 9.5650 7.8242 0.5000
182 1 0 0 7.9620 7.8242 0.5000
182 1 0 0 9.6070 7.8242 0.5000
182 1 0 0 7.9350 7.8242 0.5000
182 1 0 0 8.0300 7.8242 0.5000
182 1 0 0 7.9830 7.8242 0.5000
182 1 0 0 8.4300 7.8242 0.5000
182 1 0 0 7.4370 7.8242 0.5000
182 1 0 0 7.9590 7.8242 0.5000
182 1 0 0 7.9740 7.8242 0.5000
182 1 0 0 7.9040 7.8242 0.5000
182 1 0 0 8.0820 7.8242 0.5000
182 1 0 0 7.9440 7.8242 0.5000
182 1 0 0 14.8930 7.8242 0.5000
183 0 0 0 14.0900 7.9435 0.0000
183 0 0 0 17.3780 7.9435 0.0000
183 0 0 0 17.5310 7.9435 0.0000
183 0 0 0 26.1210 7.9435 0.0000
183 0 0 0 26.5590 7.9435 0.0000
183 0 0 0 26.9010 7.9435 0.0000
183 0 0 0 28.0710 7.9435 0.0000
183 0 0 0 39.4880 7.9435 0.0000
183 0 0 0 26.1340 7.9435 0.0000
183 1 0 0 21.4840 7.9435 0.3697
183 0 0 0 20.7150 7.9435 0.0000
183 0 0 0 18.4210 7.9435 0.0000
183 0 0 0 54.8030 7.9435 0.0000
183 0 0 0 13.1580 7.9435 0.0000
183 0 0 0 16.8990 7.9435 0.0000
183 0 0 0 54.4300 7.9435 0.0000
183 0 0 0 54.7840 7.9435 0.0000
183 0 0 0 18.8500 7.9435 0.0000
183 0 0 0 43.6770 7.9435 0.0000
183 1 0 0 19.8710 7.9435 0.3998
184 1 0 0 11.6760 8.5925 0.5000
184 1 0 0 14.2540 8.5925 0.5000
184 1 0 0 32.1340 8.5925 0.2674
184 1 0 0 12.5970 8.5925 0.5000
184 1 0 0 16.8950 8.5925 0.5000
184 1 0 0 13.5080 8.5925 0.5000
184 1 0 0 14.2290 8.5925 0.5000
184 1 0 0 14.1250 8.5925 0.5000
184 1 0 0 13.5510 8.5925 0.5000
184 1 0 0 14.8980 8.5925 0.5000
184 1 0 0 13.5030 8.5925 0.5000
184 1 0 0 12.0350 8.5925 0.5000
184 0 0 0 12.9280 8.5925 0.0000
184 1 0 0 13.2400 8.5925 0.5000
184 1 0 0 13.5740 8.5925 0.5000
184 1 0 0 14.0360 8.5925 0.5000
184 1 0 0 16.9330 8.5925 0.5000
184 1 0 0 12.4720 8.5925 0.5000
184 1 0 0 12.0120 8.5925 0.5000
184 1 0 0 12.4430 8.5925 0.5000
185 0 0 0 26.7350 8.0579 0.0000
185 0 0 0 24.5960 8.0579 0.0000
185 0 0 0 28.2340 8.0579 0.0000
185 0 0 0 54.9500 8.0579 0.0000
185 0 0 0 17.8530 8.0579 0.0000
185 0 0 0 39.2760 8.0579 0.0000
185 0 0 0 27.6760 8.0579 0.0000
185 0 0 0 40.9250 8.0579 0.0000
185 0 0 0 14.8100 8.0579 0.0000
185 0 0 0 54.8460 8.0579 0.0000
185 0 0 0 32.5340 8.0579 0.0000
185 0 0 0 31.0090 8.0579 0.0000
185 0 0 0 55.3380 8.0579 0.0000
185 0 0 0 54.8950 8.0579 0.0000
185 0 0 0 18.8610 8.0579 0.0000
185 0 0 0 18.0760 8.0579 0.0000
185 0 0 0 17.1340 8.0579 0.0000
185 0 0 0 34.1030 8.0579 0.0000
185 0 0 0 24.5310 8.0579 0.0000
185 0 0 0 22.4710 8.0579 0.0000
186 0 0 0 17.1860 8.3575 0.0000
186 0 0 0 30.5070 8.3575 0.0000
186 0 0 0 38.3810 8.3575 0.0000
186 0 0 0 18.2850 8.3575 0.0000
186 0 0 0 19.9320 8.3575 0.0000
186 0 0 0 18.2560 8.3575 0.0000
186 0 0 0 36.4610 8.3575 0.0000
186 0 0 0 54.6600 8.3575 0.0000
186 0 0 0 33.5220 8.3575 0.0000
186 0 0 0 28.2460 8.3575 0.0000
186 0 0 0 19.9320 8.3575 0.0000
186 0 0 0 17.8670 8.3575 0.0000
186 0 0 0 20.0890 8.3575 0.0000
186 0 0 0 31.2160 8.3575 0.0000
186 0 0 0 29.6720 8.3575 0.0000
186 0 0 0 20.6420 8.3575 0.0000
186 0 0 0 16.9190 8.3575 0.0000
186 0 0 0 20.2060 8.3575 0.0000
186 0 0 0 20.9830 8.3575 0.0000
186 0 0 0 29.0460 8.3575 0.0000
187 1 0 0 12.8670 7.9598 0.5000
187 1 0 0 16.7990 7.9598 0.4738
187 1 0 0 11.4490 7.9598 0.5000
187 1 0 0 12.0230 7.9598 0.5000
187 1 0 0 10.9980 7.9598 0.5000
187 0 0 0 11.3230 7.9598 0.0000
187 0 0 0 8.5560 7.9598 0.0000
187 1 0 0 13.7900 7.9598 0.5000
187 1 0 0 21.2080 7.9598 0.3753
187 1 0 0 17.7990 7.9598 0.4472
187 1 0 0 42.6320 7.9598 0.1867
187 1 0 0 12.7350 7.9598 0.5000
187 1 0 0 19.2760 7.9598 0.4129
187 0 0 0 12.0000 7.9598 0.0000
187 1 0 0 12.6420 7.9598 0.5000
187 1 0 0 10.7380 7.9598 0.5000
187 1 0 0 10.8810 7.9598 0.5000
187 0 0 0 11.9730 7.9598 0.0000
187 0 0 0 18.7640 7.9598 0.0000
187 1 0 0 14.7490 7.9598 0.5000
188 1 0 0 17.5750 8.0758 0.4595
188 1 0 0 8.7420 8.0758 0.5000
188 1 0 0 11.3340 8.0758 0.5000
188 1 0 0 9.5140 8.0758 0.5000
188 1 0 0 10.3550 8.0758 0.5000
188 1 0 0 10.2290 8.0758 0.5000
188 1 0 0 10.3100 8.0758 0.5000
188 1 0 0 9.0750 8.0758 0.5000
188 1 0 0 10.3070 8.0758 0.5000
188 1 0 0 10.3600 8.0758 0.5000
188 1 0 0 11.5220 8.0758 0.5000
188 1 0 0 16.8930 8.0758 0.4781
188 1 0 0 8.9590 8.0758 0.5000
188 1 0 0 9.1830 8.0758 0.5000
188 1 0 0 13.0970 8.0758 0.5000
188 1 0 0 15.6810 8.0758 0.5000
188 1 0 0 9.6440 8.0758 0.5000
188 1 0 0 9.1510 8.0758 0.5000
188 1 0 0 9.1160 8.0758 0.5000
188 1 0 0 15.0890 8.0758 0.5000
189 1 0 0 11.6820 7.8867 0.5000
189 0 0 0 30.8750 7.8867 0.0000
189 1 0 0 10.6500 7.8867 0.5000
189 1 0 0 8.5160 7.8867 0.5000
189 0 0 0 13.9640 7.8867 0.0000
189 0 0 0 17.1670 7.8867 0.0000
189 1 0 0 8.5950 7.8867 0.5000
189 1 0 0 8.9430 7.8867 0.5000
189 1 0 0 8.6360 7.8867 0.5000
189 1 0 0 12.4130 7.8867 0.5000
189 0 0 0 54.8730 7.8867 0.0000
189 1 0 0 9.1250 7.8867 0.5000
189 1 0 0 9.2690 7.8867 0.5000
189 0 0 0 24.2100 7.8867 0.0000
189 1 0 0 8.4290 7.8867 0.5000
189 1 0 0 8.4440 7.8867 0.5000
189 0 0 0 16.6310 7.8867 0.0000
189 1 0 0 9.5500 7.8867 0.5000
189 1 0 0 9.0590 7.8867 0.5000
189 0 0 0 13.0070 7.8867 0.0000
190 1 0 0 11.6080 7.9549 0.5000
190 1 0 0 14.7470 7.9549 0.5000
190 0 0 0 12.0910 7.9549 0.0000
190 1 0 0 16.8370 7.9549 0.4725
190 1 0 0 14.2660 7.9549 0.5000
190 1 0 0 15.1190 7.9549 0.5000
190 1 0 0 17.3710 7.9549 0.4579
190 1 0 0 16.3040 7.9549 0.4879
190 0 0 0 31.6260 7.9549 0.0000
190 1 0 0 13.4480 7.9549 0.5000
190 1 0 0 14.8060 7.9549 0.5000
190 1 0 0 16.8790 7.9549 0.4713
190 1 0 0 15.7820 7.9549 0.5000
190 1 0 0 15.8220 7.9549 0.5000
190 0 0 0 16.8520 7.9549 0.0000
190 0 0 0 10.3210 7.9549 0.0000
190 0 0 0 9.0400 7.9549 0.0000
190 1 0 0 15.7660 7.9549 0.5000
190 0 0 0 26.4810 7.9549 0.0000
190 1 0 0 14.6250 7.9549 0.5000
191 1 0 0 8.3240 8.5544 0.5000
191 1 0 0 6.8120 8.5544 0.5000
191 1 0 0 6.9080 8.5544 0.5000
191 1 0 0 6.8380 8.5544 0.5000
191 1 0 0 6.8600 8.5544 0.5000
191 1 0 0 7.3940 8.5544 0.5000
191 1 0 0 6.3580 8.5544 0.5000
191 1 0 0 7.5350 8.5544 0.5000
191 1 0 0 6.7910 8.5544 0.5000
191 1 0 0 6.8120 8.5544 0.5000
191 1 0 0 6.8490 8.5544 0.5000
191 1 0 0 6.9370 8.5544 0.5000
191 1 0 0 6.7770 8.5544 0.5000
191 1 0 0 7.4520 8.5544 0.5000
191 1 0 0 6.7960 8.5544 0.5000
191 0 0 0 47.3470 8.5544 0.0000
191 0 0 0 13.4990 8.5544 0.0000
191 1 0 0 7.9290 8.5544 0.5000
191 1 0 0 6.9160 8.5544 0.5000
191 1 0 0 7.3350 8.5544 0.5000
192 1 0 0 13.7950 8.0540 0.5000
192 1 0 0 26.4260 8.0540 0.3048
192 1 0 0 17.6160 8.0540 0.4572
192 0 0 0 14.6310 8.0540 0.0000
192 0 0 0 54.7500 8.0540 0.0000
192 0 0 0 54.8610 8.0540 0.0000
192 0 0 0 17.5580 8.0540 0.0000
192 1 0 0 33.1790 8.0540 0.2427
192 0 0 0 8.6430 8.0540 0.0000
192 0 0 0 28.6240 8.0540 0.0000
192 0 0 0 54.6140 8.0540 0.0000
192 1 0 0 25.5760 8.0540 0.3149
192 0 0 0 16.3310 8.0540 0.0000
192 0 0 0 21.9720 8.0540 0.0000
192 0 0 0 18.1510 8.0540 0.0000
192 0 0 0 30.7940 8.0540 0.0000
192 1 0 0 10.8100 8.0540 0.5000
192 1 0 0 21.4880 8.0540 0.3748
192 1 0 0 17.1660 8.0540 0.4692
192 0 0 0 15.4480 8.0540 0.0000
193 0 0 0 8.3280 7.8801 0.0000
193 1 0 0 8.4430 7.8801 0.5000
193 1 0 0 7.4200 7.8801 0.5000
193 1 0 0 7.4510 7.8801 0.5000
193 1 0 0 8.0570 7.8801 0.5000
193 1 0 0 7.4050 7.8801 0.5000
193 1 0 0 10.0250 7.8801 0.5000
193 1 0 0 7.4810 7.8801 0.5000
193 1 0 0 21.9690 7.8801 0.3587
193 1 0 0 7.8790 7.8801 0.5000
193 1 0 0 8.7550 7.8801 0.5000
193 0 0 0 4.1640 7.8801 0.0000
193 1 0 0 8.4620 7.8801 0.5000
193 1 0 0 11.2760 7.8801 0.5000
193 1 0 0 8.6350 7.8801 0.5000
193 1 0 0 7.4280 7.8801 0.5000
193 1 0 0 7.9710 7.8801 0.5000
193 1 0 0 7.9890 7.8801 0.5000
193 1 0 0 7.3730 7.8801 0.5000
193 1 0 0 9.0960 7.8801 0.5000
194 1 0 0 9.3290 7.9141 0.5000
194 1 0 0 8.7290 7.9141 0.5000
194 1 0 0 7.4560 7.9141 0.5000
194 1 0 0 10.5540 7.9141 0.5000
194 1 0 0 7.3490 7.9141 0.5000
194 1 0 0 6.8010 7.9141 0.5000
194 1 0 0 7.3890 7.9141 0.5000
194 1 0 0 8.4950 7.9141 0.5000
194 1 0 0 9.5800 7.9141 0.5000
194 1 0 0 10.7880 7.9141 0.5000
194 1 0 0 7.3240 7.9141 0.5000
194 1 0 0 7.5180 7.9141 0.5000
194 1 0 0 7.9650 7.9141 0.5000
194 1 0 0 7.2570 7.9141 0.5000
194 1 0 0 9.7550 7.9141 0.5000
194 1 0 0 9.7610 7.9141 0.5000
194 1 0 0 7.4740 7.9141 0.5000
194 1 0 0 9.5620 7.9141 0.5000
194 1 0 0 7.9580 7.9141 0.5000
194 1 0 0 8.0900 7.9141 0.5000
195 1 0 0 9.7960 7.9816 0.5000
195 1 0 0 9.4990 7.9816 0.5000
195 1 0 0 8.7820 7.9816 0.5000
195 1 0 0 9.1870 7.9816 0.5000
195 1 0 0 9.0300 7.9816 0.5000
195 1 0 0 9.0760 7.9816 0.5000
195 1 0 0 9.3650 7.9816 0.5000
195 1 0 0 9.0590 7.9816 0.5000
195 1 0 0 9.0870 7.9816 0.5000
195 1 0 0 8.7340 7.9816 0.5000
195 1 0 0 9.1410 7.9816 0.5000
195 1 0 0 13.5150 7.9816 0.5000
195 1 0 0 8.7500 7.9816 0.5000
195 1 0 0 9.0350 7.9816 0.5000
195 1 0 0 8.6500 7.9816 0.5000
195 1 0 0 9.1050 7.9816 0.5000
195 1 0 0 8.7170 7.9816 0.5000
195 1 0 0 9.1940 7.9816 0.5000
195 1 0 0 8.6390 7.9816 0.5000
195 1 0 0 10.3260 7.9816 0.5000
196 0 0 0 13.3690 7.8055 0.0000
196 1 0 0 17.5370 7.8055 0.4451
196 0 0 0 8.1140 7.8055 0.0000
196 1 0 0 15.5040 7.8055 0.5000
196 1 0 0 18.3310 7.8055 0.4258
196 0 0 0 8.7460 7.8055 0.0000
196 1 0 0 15.0490 7.8055 0.5000
196 1 0 0 14.5410 7.8055 0.5000
196 0 0 0 57.6570 7.8055 0.0000
196 0 0 0 10.6910 7.8055 0.0000
196 0 0 0 24.6400 7.8055 0.0000
196 0 0 0 16.8290 7.8055 0.0000
196 0 0 0 8.2780 7.8055 0.0000
196 0 0 0 19.1480 7.8055 0.0000
196 0 0 0 6.3440 7.8055 0.0000
196 0 0 0 12.6160 7.8055 0.0000
196 0 0 0 24.2790 7.8055 0.0000
196 1 0 0 24.0470 7.8055 0.3246
196 0 0 0 57.0810 7.8055 0.0000
196 0 0 0 55.2220 7.8055 0.0000
197 1 0 0 6.7120 7.9041 0.5000
197 1 0 0 6.9800 7.9041 0.5000
197 1 0 0 6.4990 7.9041 0.5000
197 1 0 0 6.9620 7.9041 0.5000
197 1 0 0 6.7030 7.9041 0.5000
197 1 0 0 6.4140 7.9041 0.5000
197 1 0 0 6.4510 7.9041 0.5000
197 1 0 0 6.3170 7.9041 0.5000
197 1 0 0 6.7930 7.9041 0.5000
197 1 0 0 6.7290 7.9041 0.5000
197 1 0 0 6.7980 7.9041 0.5000
197 1 0 0 7.4460 7.9041 0.5000
197 1 0 0 6.7840 7.9041 0.5000
197 1 0 0 6.9350 7.9041 0.5000
197 1 0 0 6.9010 7.9041 0.5000
197 1 0 0 6.8360 7.9041 0.5000
197 1 0 0 7.3380 7.9041 0.5000
197 1 0 0 7.3290 7.9041 0.5000
197 1 0 0 6.7470 7.9041 0.5000
197 1 0 0 6.8120 7.9041 0.5000
198 0 0 0 9.7290 8.1335 0.0000
198 1 0 0 9.4060 8.1335 0.5000
198 1 0 0 9.2900 8.1335 0.5000
198 1 0 0 10.6730 8.1335 0.5000
198 1 0 0 9.7960 8.1335 0.5000
198 1 0 0 9.7000 8.1335 0.5000
198 0 0 0 8.1650 8.1335 0.0000
198 1 0 0 10.1740 8.1335 0.5000
198 1 0 0 9.7500 8.1335 0.5000
198 1 0 0 10.3350 8.1335 0.5000
198 1 0 0 9.2850 8.1335 0.5000
198 1 0 0 10.1920 8.1335 0.5000
198 1 0 0 9.8410 8.1335 0.5000
198 1 0 0 9.7870 8.1335 0.5000
198 0 0 0 6.6080 8.1335 0.0000
198 1 0 0 9.1910 8.1335 0.5000
198 0 0 0 8.1090 8.1335 0.0000
198 1 0 0 9.8450 8.1335 0.5000
198 1 0 0 11.9790 8.1335 0.5000
198 1 0 0 9.2670 8.1335 0.5000
199 1 0 0 6.8000 8.4647 0.5000
199 1 0 0 6.3760 8.4647 0.5000
199 1 0 0 6.8420 8.4647 0.5000
199 1 0 0 6.8020 8.4647 0.5000
199 1 0 0 6.9750 8.4647 0.5000
199 1 0 0 6.7660 8.4647 0.5000
199 1 0 0 6.9050 8.4647 0.5000
199 1 0 0 6.9030 8.4647 0.5000
199 1 0 0 7.0440 8.4647 0.5000
199 1 0 0 6.9070 8.4647 0.5000
199 1 0 0 7.4670 8.4647 0.5000
199 1 0 0 6.8440 8.4647 0.5000
199 1 0 0 6.9830 8.4647 0.5000
199 1 0 0 6.8680 8.4647 0.5000
199 1 0 0 6.7850 8.4647 0.5000
199 1 0 0 7.3760 8.4647 0.5000
199 1 0 0 7.0640 8.4647 0.5000
199 1 0 0 6.8800 8.4647 0.5000
199 1 0 0 6.9590 8.4647 0.5000
199 1 0 0 6.3830 8.4647 0.5000
200 1 0 0 9.3180 7.8225 0.5000
200 1 0 0 8.4860 7.8225 0.5000
200 1 0 0 10.0750 7.8225 0.5000
200 1 0 0 8.4760 7.8225 0.5000
200 1 0 0 9.1740 7.8225 0.5000
200 1 0 0 9.0610 7.8225 0.5000
200 1 0 0 11.2590 7.8225 0.5000
200 0 0 0 7.1010 7.8225 0.0000
200 1 0 0 8.6580 7.8225 0.5000
200 0 0 0 6.3410 7.8225 0.0000
200 1 0 0 9.9110 7.8225 0.5000
200 1 0 0 8.3730 7.8225 0.5000
200 1 0 0 10.4050 7.8225 0.5000
200 1 0 0 10.2290 7.8225 0.5000
200 1 0 0 9.0210 7.8225 0.5000
200 1 0 0 8.5820 7.8225 0.5000
200 1 0 0 9.0150 7.8225 0.5000
200 1 0 0 13.9720 7.8225 0.5000
200 1 0 0 11.2470 7.8225 0.5000
200 0 0 0 9.5470 7.8225 0.0000
201 0 0 0 23.5410 9.1857 0.0000
201 1 0 0 31.1420 9.1857 0.2950
201 0 0 0 54.1490 9.1857 0.0000
201 0 0 0 15.5410 9.1857 0.0000
201 0 0 0 20.1900 9.1857 0.0000
201 1 0 0 25.1120 9.1857 0.3658
201 0 0 0 12.8290 9.1857 0.0000
201 0 0 0 22.8260 9.1857 0.0000
201 0 0 0 25.1250 9.1857 0.0000
201 0 0 0 55.1060 9.1857 0.0000
201 0 0 0 20.8710 9.1857 0.0000
201 0 0 0 26.8900 9.1857 0.0000
201 0 0 0 14.5440 9.1857 0.0000
201 0 0 0 8.0940 9.1857 0.0000
201 0 0 0 54.6720 9.1857 0.0000
201 0 0 0 18.8770 9.1857 0.0000
201 1 0 0 37.3620 9.1857 0.2459
201 0 0 0 17.8780 9.1857 0.0000
201 0 0 0 20.8480 9.1857 0.0000
201 0 0 0 54.7020 9.1857 0.0000
202 0 0 0 42.4640 7.7193 0.0000
202 0 0 0 23.9650 7.7193 0.0000
202 1 0 0 32.9540 7.7193 0.2342
202 1 0 0 16.7880 7.7193 0.4598
202 0 0 0 9.2260 7.7193 0.0000
202 1 0 0 39.5870 7.7193 0.1950
202 0 0 0 11.4530 7.7193 0.0000
202 0 0 0 12.2340 7.7193 0.0000
202 0 0 0 8.2580 7.7193 0.0000
202 0 0 0 11.3480 7.7193 0.0000
202 0 0 0 9.9420 7.7193 0.0000
202 0 0 0 56.1890 7.7193 0.0000
202 0 0 0 46.1550 7.7193 0.0000
202 1 0 0 16.8040 7.7193 0.4594
202 0 0 0 8.5180 7.7193 0.0000
202 1 0 0 14.8490 7.7193 0.5000
202 0 0 0 7.0580 7.7193 0.0000
202 1 0 0 18.6870 7.7193 0.4131
202 1 0 0 46.1900 7.7193 0.1671
202 1 0 0 11.8240 7.7193 0.5000
203 1 0 0 17.9760 8.1183 0.4516
203 1 0 0 23.8790 8.1183 0.3400
203 0 0 0 11.4590 8.1183 0.0000
203 1 0 0 30.2520 8.1183 0.2684
203 1 0 0 30.0170 8.1183 0.2705
203 0 0 0 30.9550 8.1183 0.0000
203 0 0 0 57.2150 8.1183 0.0000
203 0 0 0 25.4110 8.1183 0.0000
203 0 0 0 12.8890 8.1183 0.0000
203 0 0 0 19.5540 8.1183 0.0000
203 1 0 0 17.3430 8.1183 0.4681
203 0 0 0 19.6990 8.1183 0.0000
203 0 0 0 55.6710 8.1183 0.0000
203 0 0 0 14.4450 8.1183 0.0000
203 0 0 0 16.7780 8.1183 0.0000
203 0 0 0 15.2020 8.1183 0.0000
203 0 0 0 29.4860 8.1183 0.0000
203 0 0 0 18.5770 8.1183 0.0000
203 0 0 0 55.5490 8.1183 0.0000
203 0 0 0 55.1740 8.1183 0.0000
204 0 0 0 10.1930 9.3316 0.0000
204 0 0 0 13.2560 9.3316 0.0000
204 1 0 0 21.6030 9.3316 0.4320
204 0 0 0 21.4660 9.3316 0.0000
204 0 0 0 9.1580 9.3316 0.0000
204 0 0 0 55.1980 9.3316 0.0000
204 0 0 0 10.7270 9.3316 0.0000
204 1 0 0 13.4160 9.3316 0.5000
204 1 0 0 12.0240 9.3316 0.5000
204 1 0 0 12.5590 9.3316 0.5000
204 0 0 0 38.3920 9.3316 0.0000
204 0 0 0 10.1160 9.3316 0.0000
204 0 0 0 8.5480 9.3316 0.0000
204 1 0 0 11.9680 9.3316 0.5000
204 1 0 0 12.9990 9.3316 0.5000
204 0 0 0 8.4730 9.3316 0.0000
204 1 0 0 15.2440 9.3316 0.5000
204 0 0 0 22.5390 9.3316 0.0000
204 1 0 0 25.4000 9.3316 0.3674
204 1 0 0 39.0070 9.3316 0.2392
205 1 0 0 8.8250 8.0101 0.5000
205 1 0 0 8.0080 8.0101 0.5000
205 1 0 0 10.2270 8.0101 0.5000
205 1 0 0 8.6730 8.0101 0.5000
205 1 0 0 8.4660 8.0101 0.5000
205 1 0 0 9.5700 8.0101 0.5000
205 1 0 0 8.4230 8.0101 0.5000
205 1 0 0 9.4760 8.0101 0.5000
205 0 0 0 7.0580 8.0101 0.0000
205 0 0 0 6.2440 8.0101 0.0000
205 1 0 0 8.3250 8.0101 0.5000
205 1 0 0 8.5540 8.0101 0.5000
205 1 0 0 8.6690 8.0101 0.5000
205 1 0 0 8.5200 8.0101 0.5000
205 1 0 0 8.5260 8.0101 0.5000
205 0 0 0 9.0510 8.0101 0.0000
205 1 0 0 8.6340 8.0101 0.5000
205 1 0 0 9.0050 8.0101 0.5000
205 1 0 0 8.5910 8.0101 0.5000
205 1 0 0 9.0650 8.0101 0.5000
206 1 0 0 7.6030 8.2363 0.5000
206 1 0 0 7.0280 8.2363 0.5000
206 1 0 0 6.8940 8.2363 0.5000
206 1 0 0 6.8800 8.2363 0.5000
206 1 0 0 6.3440 8.2363 0.5000
206 1 0 0 6.8430 8.2363 0.5000
206 1 0 0 6.9290 8.2363 0.5000
206 1 0 0 6.8430 8.2363 0.5000
206 1 0 0 7.4440 8.2363 0.5000
206 1 0 0 7.8110 8.2363 0.5000
206 1 0 0 7.9620 8.2363 0.5000
206 1 0 0 7.9560 8.2363 0.5000
206 1 0 0 7.5080 8.2363 0.5000
206 1 0 0 7.3040 8.2363 0.5000
206 1 0 0 7.4110 8.2363 0.5000
206 1 0 0 6.8310 8.2363 0.5000
206 1 0 0 6.8260 8.2363 0.5000
206 1 0 0 8.5620 8.2363 0.5000
206 1 0 0 7.4650 8.2363 0.5000
206 1 0 0 7.4390 8.2363 0.5000
207 0 0 0 13.9010 7.9796 0.0000
207 0 0 0 19.4400 7.9796 0.0000
207 0 0 0 15.5990 7.9796 0.0000
207 0 0 0 54.1450 7.9796 0.0000
207 0 0 0 33.8510 7.9796 0.0000
207 0 0 0 32.8660 7.9796 0.0000
207 0 0 0 10.5790 7.9796 0.0000
207 0 0 0 38.4690 7.9796 0.0000
207 1 0 0 22.3080 7.9796 0.3577
207 0 0 0 15.1210 7.9796 0.0000
207 0 0 0 18.5550 7.9796 0.0000
207 1 0 0 40.1030 7.9796 0.1990
207 1 0 0 36.9790 7.9796 0.2158
207 0 0 0 32.4730 7.9796 0.0000
207 0 0 0 18.0100 7.9796 0.0000
207 0 0 0 54.7990 7.9796 0.0000
207 0 0 0 55.1320 7.9796 0.0000
207 0 0 0 30.0100 7.9796 0.0000
207 0 0 0 25.8410 7.9796 0.0000
207 0 0 0 54.5870 7.9796 0.0000
208 1 0 0 7.0140 8.3808 0.5000
208 1 0 0 6.3450 8.3808 0.5000
208 1 0 0 6.7920 8.3808 0.5000
208 1 0 0 6.7840 8.3808 0.5000
208 1 0 0 7.3950 8.3808 0.5000
208 1 0 0 7.3890 8.3808 0.5000
208 1 0 0 7.4170 8.3808 0.5000
208 1 0 0 6.3810 8.3808 0.5000
208 1 0 0 6.8620 8.3808 0.5000
208 1 0 0 7.4610 8.3808 0.5000
208 1 0 0 7.9630 8.3808 0.5000
208 1 0 0 6.3870 8.3808 0.5000
208 1 0 0 8.6380 8.3808 0.5000
208 1 0 0 6.2230 8.3808 0.5000
208 1 0 0 8.0660 8.3808 0.5000
208 0 0 0 9.2210 8.3808 0.0000
208 1 0 0 7.8760 8.3808 0.5000
208 1 0 0 7.3350 8.3808 0.5000
208 1 0 0 9.5300 8.3808 0.5000
208 1 0 0 6.3250 8.3808 0.5000
209 1 0 0 8.9360 8.2509 0.5000
209 1 0 0 9.1610 8.2509 0.5000
209 1 0 0 9.5670 8.2509 0.5000
209 1 0 0 8.5780 8.2509 0.5000
209 1 0 0 9.2080 8.2509 0.5000
209 1 0 0 15.0080 8.2509 0.5000
209 1 0 0 9.6100 8.2509 0.5000
209 0 0 0 34.5010 8.2509 0.0000
209 1 0 0 9.0160 8.2509 0.5000
209 1 0 0 8.6640 8.2509 0.5000
209 1 0 0 29.2630 8.2509 0.2820
209 0 0 0 34.1060 8.2509 0.0000
209 1 0 0 8.8930 8.2509 0.5000
209 1 0 0 9.1140 8.2509 0.5000
209 1 0 0 9.0580 8.2509 0.5000
209 0 0 0 5.3130 8.2509 0.0000
209 1 0 0 8.9850 8.2509 0.5000
209 1 0 0 9.0720 8.2509 0.5000
209 1 0 0 9.6800 8.2509 0.5000
209 1 0 0 9.2140 8.2509 0.5000
210 0 0 0 11.7660 7.7725 0.0000
210 1 0 0 15.2020 7.7725 0.5000
210 1 0 0 14.8700 7.7725 0.5000
210 1 0 0 32.6800 7.7725 0.2378
210 0 0 0 23.3740 7.7725 0.0000
210 1 0 0 15.4150 7.7725 0.5000
210 1 0 0 15.2550 7.7725 0.5000
210 0 0 0 55.5160 7.7725 0.0000
210 1 0 0 27.7000 7.7725 0.2806
210 1 0 0 18.5260 7.7725 0.4195
210 1 0 0 14.6950 7.7725 0.5000
210 1 0 0 14.1790 7.7725 0.5000
210 0 0 0 19.8140 7.7725 0.0000
210 1 0 0 20.7810 7.7725 0.3740
210 1 0 0 16.9550 7.7725 0.4584
210 1 0 0 14.0780 7.7725 0.5000
210 0 0 0 33.9830 7.7725 0.0000
210 1 0 0 15.6980 7.7725 0.4951
210 0 0 0 48.5020 7.7725 0.0000
210 1 0 0 13.7410 7.7725 0.5000
211 1 0 0 10.4220 7.7384 0.5000
211 1 0 0 8.4690 7.7384 0.5000
211 1 0 0 8.6130 7.7384 0.5000
211 1 0 0 9.8370 7.7384 0.5000
211 1 0 0 9.1670 7.7384 0.5000
211 1 0 0 10.2250 7.7384 0.5000
211 1 0 0 9.6740 7.7384 0.5000
211 1 0 0 8.6250 7.7384 0.5000
211 0 0 0 5.1970 7.7384 0.0000
211 1 0 0 7.8430 7.7384 0.5000
211 1 0 0 8.9740 7.7384 0.5000
211 0 0 0 4.7060 7.7384 0.0000
211 1 0 0 9.4360 7.7384 0.5000
211 0 0 0 6.8100 7.7384 0.0000
211 1 0 0 10.3290 7.7384 0.5000
211 1 0 0 9.0520 7.7384 0.5000
211 1 0 0 9.0660 7.7384 0.5000
211 1 0 0 8.0860 7.7384 0.5000
211 1 0 0 9.2480 7.7384 0.5000
211 0 0 0 4.7680 7.7384 0.0000
212 0 0 0 13.6170 7.9827 0.0000
212 0 0 0 54.8200 7.9827 0.0000
212 0 0 0 16.9570 7.9827 0.0000
212 0 0 0 16.5390 7.9827 0.0000
212 0 0 0 14.7140 7.9827 0.0000
212 0 0 0 29.8800 7.9827 0.0000
212 0 0 0 11.7850 7.9827 0.0000
212 0 0 0 17.2840 7.9827 0.0000
212 1 0 0 24.7630 7.9827 0.3224
212 0 0 0 18.2110 7.9827 0.0000
212 0 0 0 30.9740 7.9827 0.0000
212 0 0 0 13.2080 7.9827 0.0000
212 0 0 0 11.8010 7.9827 0.0000
212 0 0 0 29.2040 7.9827 0.0000
212 1 0 0 47.3740 7.9827 0.1685
212 0 0 0 26.0750 7.9827 0.0000
212 0 0 0 16.7820 7.9827 0.0000
212 0 0 0 33.8370 7.9827 0.0000
212 0 0 0 46.6450 7.9827 0.0000
212 0 0 0 16.1310 7.9827 0.0000
213 1 0 0 10.8500 7.7458 0.5000
213 1 0 0 17.0420 7.7458 0.4545
213 1 0 0 15.3950 7.7458 0.5000
213 1 0 0 25.1630 7.7458 0.3078
213 1 0 0 10.2540 7.7458 0.5000
213 1 0 0 18.8890 7.7458 0.4101
213 1 0 0 11.7890 7.7458 0.5000
213 1 0 0 13.0010 7.7458 0.5000
213 0 0 0 16.2730 7.7458 0.0000
213 1 0 0 10.8230 7.7458 0.5000
213 1 0 0 12.5180 7.7458 0.5000
213 1 0 0 12.0410 7.7458 0.5000
213 0 0 0 14.5920 7.7458 0.0000
213 1 0 0 13.1460 7.7458 0.5000
213 0 0 0 10.3470 7.7458 0.0000
213 1 0 0 12.3580 7.7458 0.5000
213 1 0 0 14.7410 7.7458 0.5000
213 1 0 0 19.9280 7.7458 0.3887
213 0 0 0 16.9830 7.7458 0.0000
213 1 0 0 13.4970 7.7458 0.5000
214 0 0 0 31.9570 8.4522 0.0000
214 0 0 0 40.1970 8.4522 0.0000
214 0 0 0 22.1860 8.4522 0.0000
214 0 0 0 21.5900 8.4522 0.0000
214 0 0 0 55.5030 8.4522 0.0000
214 0 0 0 55.3980 8.4522 0.0000
214 0 0 0 56.4870 8.4522 0.0000
214 0 0 0 56.0480 8.4522 0.0000
214 1 0 0 17.9360 8.4522 0.4712
214 0 0 0 16.2080 8.4522 0.0000
214 0 0 0 41.2480 8.4522 0.0000
214 1 0 0 19.5190 8.4522 0.4330
214 0 0 0 10.8050 8.4522 0.0000
214 0 0 0 7.3560 8.4522 0.0000
214 0 0 0 20.4410 8.4522 0.0000
214 1 0 0 28.4820 8.4522 0.2968
214 1 0 0 20.6300 8.4522 0.4097
214 0 0 0 17.4730 8.4522 0.0000
214 0 0 0 10.3220 8.4522 0.0000
214 0 0 0 17.0080 8.4522 0.0000
215 0 0 0 25.7750 8.0547 0.0000
215 0 0 0 34.9610 8.0547 0.0000
215 0 0 0 44.3560 8.0547 0.0000
215 0 0 0 55.0880 8.0547 0.0000
215 0 0 0 12.8460 8.0547 0.0000
215 0 0 0 43.2130 8.0547 0.0000
215 0 0 0 29.6960 8.0547 0.0000
215 0 0 0 21.7020 8.0547 0.0000
215 0 0 0 32.6010 8.0547 0.0000
215 0 0 0 55.1630 8.0547 0.0000
215 0 0 0 32.2130 8.0547 0.0000
215 0 0 0 34.6480 8.0547 0.0000
215 0 0 0 32.7620 8.0547 0.0000
215 0 0 0 55.0480 8.0547 0.0000
215 0 0 0 29.6850 8.0547 0.0000
215 0 0 0 34.0450 8.0547 0.0000
215 0 0 0 35.7110 8.0547 0.0000
215 0 0 0 31.5730 8.0547 0.0000
215 0 0 0 54.9830 8.0547 0.0000
215 0 0 0 55.0850 8.0547 0.0000
216 1 0 0 8.8070 8.0817 0.5000
216 0 0 0 6.3830 8.0817 0.0000
216 0 0 0 12.8280 8.0817 0.0000
216 0 0 0 5.7670 8.0817 0.0000
216 1 0 0 9.1890 8.0817 0.5000
216 1 0 0 9.7880 8.0817 0.5000
216 1 0 0 12.4440 8.0817 0.5000
216 1 0 0 9.7560 8.0817 0.5000
216 1 0 0 9.8500 8.0817 0.5000
216 0 0 0 11.9120 8.0817 0.0000
216 1 0 0 9.6310 8.0817 0.5000
216 0 0 0 5.3120 8.0817 0.0000
216 0 0 0 33.2720 8.0817 0.0000
216 0 0 0 54.7590 8.0817 0.0000
216 0 0 0 8.9800 8.0817 0.0000
216 1 0 0 10.1340 8.0817 0.5000
216 1 0 0 10.1370 8.0817 0.5000
216 1 0 0 11.7740 8.0817 0.5000
216 1 0 0 10.5850 8.0817 0.5000
216 1 0 0 10.7140 8.0817 0.5000
217 0 0 0 54.4840 8.0196 0.0000
217 0 0 0 18.2010 8.0196 0.0000
217 0 0 0 36.3490 8.0196 0.0000
217 0 0 0 17.7860 8.0196 0.0000
217 0 0 0 22.3210 8.0196 0.0000
217 0 0 0 16.8230 8.0196 0.0000
217 0 0 0 36.9320 8.0196 0.0000
217 0 0 0 54.8900 8.0196 0.0000
217 0 0 0 20.2780 8.0196 0.0000
217 0 0 0 54.6780 8.0196 0.0000
217 0 0 0 12.0950 8.0196 0.0000
217 0 0 0 20.9900 8.0196 0.0000
217 0 0 0 18.1300 8.0196 0.0000
217 0 0 0 12.9170 8.0196 0.0000
217 0 0 0 16.6450 8.0196 0.0000
217 0 0 0 35.7920 8.0196 0.0000
217 1 0 0 23.1600 8.0196 0.3463
217 0 0 0 44.5230 8.0196 0.0000
217 0 0 0 34.4420 8.0196 0.0000
217 0 0 0 47.0220 8.0196 0.0000
218 0 0 0 23.4850 8.0828 0.0000
218 0 0 0 14.3190 8.0828 0.0000
218 0 0 0 12.4060 8.0828 0.0000
218 0 0 0 14.7650 8.0828 0.0000
218 0 0 0 42.4020 8.0828 0.0000
218 0 0 0 25.8010 8.0828 0.0000
218 0 0 0 35.5910 8.0828 0.0000
218 0 0 0 33.1070 8.0828 0.0000
218 0 0 0 18.0890 8.0828 0.0000
218 0 0 0 24.0300 8.0828 0.0000
218 0 0 0 25.0580 8.0828 0.0000
218 0 0 0 24.7180 8.0828 0.0000
218 0 0 0 26.4400 8.0828 0.0000
218 0 0 0 54.5320 8.0828 0.0000
218 0 0 0 20.1550 8.0828 0.0000
218 0 0 0 55.0800 8.0828 0.0000
218 0 0 0 39.6490 8.0828 0.0000
218 0 0 0 14.0430 8.0828 0.0000
218 0 0 0 13.5260 8.0828 0.0000
218 0 0 0 49.4610 8.0828 0.0000
219 0 0 0 12.7680 8.5526 0.0000
219 0 0 0 55.2460 8.5526 0.0000
219 1 0 0 20.2350 8.5526 0.4227
219 0 0 0 21.2400 8.5526 0.0000
219 1 0 0 52.4300 8.5526 0.1631
219 1 0 0 13.5110 8.5526 0.5000
219 0 0 0 18.7920 8.5526 0.0000
219 0 0 0 15.8370 8.5526 0.0000
219 0 0 0 41.5350 8.5526 0.0000
219 0 0 0 12.7890 8.5526 0.0000
219 1 0 0 25.9290 8.5526 0.3298
219 0 0 0 39.7120 8.5526 0.0000
219 1 0 0 18.4940 8.5526 0.4625
219 0 0 0 35.9740 8.5526 0.0000
219 0 0 0 11.9650 8.5526 0.0000
219 1 0 0 9.1670 8.5526 0.5000
219 1 0 0 41.8940 8.5526 0.2041
219 0 0 0 18.0400 8.5526 0.0000
219 1 0 0 27.8160 8.5526 0.3075
219 1 0 0 18.8670 8.5526 0.4533
220 1 0 0 7.7380 8.0888 0.5000
220 1 0 0 6.8480 8.0888 0.5000
220 1 0 0 8.4540 8.0888 0.5000
220 1 0 0 7.9430 8.0888 0.5000
220 0 0 0 8.5870 8.0888 0.0000
220 1 0 0 7.8340 8.0888 0.5000
220 1 0 0 7.5580 8.0888 0.5000
220 1 0 0 6.8400 8.0888 0.5000
220 1 0 0 8.0820 8.0888 0.5000
220 1 0 0 7.9840 8.0888 0.5000
220 1 0 0 9.5610 8.0888 0.5000
220 1 0 0 7.8520 8.0888 0.5000
220 1 0 0 6.8640 8.0888 0.5000
220 1 0 0 7.9160 8.0888 0.5000
220 1 0 0 7.7940 8.0888 0.5000
220 1 0 0 7.3210 8.0888 0.5000
220 1 0 0 7.4430 8.0888 0.5000
220 1 0 0 7.8620 8.0888 0.5000
220 1 0 0 8.0790 8.0888 0.5000
220 1 0 0 8.5150 8.0888 0.5000
221 1 0 0 6.6960 8.6512 0.5000
221 1 0 0 6.3060 8.6512 0.5000
221 1 0 0 6.9110 8.6512 0.5000
221 1 0 0 6.8790 8.6512 0.5000
221 1 0 0 6.9090 8.6512 0.5000
221 1 0 0 6.2490 8.6512 0.5000
221 1 0 0 6.3360 8.6512 0.5000
221 1 0 0 6.7700 8.6512 0.5000
221 1 0 0 6.2680 8.6512 0.5000
221 1 0 0 6.2070 8.6512 0.5000
221 1 0 0 6.2090 8.6512 0.5000
221 1 0 0 6.2370 8.6512 0.5000
221 1 0 0 6.3200 8.6512 0.5000
221 1 0 0 6.2860 8.6512 0.5000
221 1 0 0 6.2520 8.6512 0.5000
221 1 0 0 6.3500 8.6512 0.5000
221 1 0 0 6.3120 8.6512 0.5000
221 1 0 0 6.8870 8.6512 0.5000
221 1 0 0 6.9580 8.6512 0.5000
221 1 0 0 6.3200 8.6512 0.5000
222 1 0 0 8.2140 8.0216 0.5000
222 1 0 0 7.3370 8.0216 0.5000
222 0 0 0 8.4070 8.0216 0.0000
222 0 0 0 6.3040 8.0216 0.0000
222 0 0 0 7.4730 8.0216 0.0000
222 1 0 0 7.2510 8.0216 0.5000
222 1 0 0 6.9360 8.0216 0.5000
222 1 0 0 6.8360 8.0216 0.5000
222 1 0 0 6.2180 8.0216 0.5000
222 1 0 0 7.0670 8.0216 0.5000
222 1 0 0 6.9840 8.0216 0.5000
222 1 0 0 7.8930 8.0216 0.5000
222 1 0 0 7.9460 8.0216 0.5000
222 1 0 0 7.3640 8.0216 0.5000
222 1 0 0 9.0400 8.0216 0.5000
222 1 0 0 8.0470 8.0216 0.5000
222 1 0 0 6.8770 8.0216 0.5000
222 1 0 0 7.9470 8.0216 0.5000
222 1 0 0 6.8990 8.0216 0.5000
222 1 0 0 8.3720 8.0216 0.5000
223 0 0 0 19.8450 7.8783 0.0000
223 0 0 0 20.5280 7.8783 0.0000
223 0 0 0 23.0710 7.8783 0.0000
223 0 0 0 17.3780 7.8783 0.0000
223 0 0 0 15.7690 7.8783 0.0000
223 0 0 0 20.5950 7.8783 0.0000
223 0 0 0 16.8050 7.8783 0.0000
223 0 0 0 25.8080 7.8783 0.0000
223 0 0 0 26.6450 7.8783 0.0000
223 0 0 0 19.8830 7.8783 0.0000
223 0 0 0 24.1760 7.8783 0.0000
223 0 0 0 20.0040 7.8783 0.0000
223 0 0 0 22.2520 7.8783 0.0000
223 0 0 0 54.8060 7.8783 0.0000
223 0 0 0 23.9160 7.8783 0.0000
223 0 0 0 43.2510 7.8783 0.0000
223 1 0 0 43.1190 7.8783 0.1827
223 0 0 0 15.8390 7.8783 0.0000
223 0 0 0 18.6490 7.8783 0.0000
223 0 0 0 21.9680 7.8783 0.0000
224 1 0 0 7.0230 7.9252 0.5000
224 1 0 0 6.2700 7.9252 0.5000
224 1 0 0 6.9280 7.9252 0.5000
224 1 0 0 6.8140 7.9252 0.5000
224 1 0 0 6.8490 7.9252 0.5000
224 1 0 0 6.4280 7.9252 0.5000
224 1 0 0 6.2840 7.9252 0.5000
224 1 0 0 6.3510 7.9252 0.5000
224 1 0 0 6.8380 7.9252 0.5000
224 1 0 0 7.4180 7.9252 0.5000
224 1 0 0 6.9300 7.9252 0.5000
224 1 0 0 6.3110 7.9252 0.5000
224 1 0 0 6.8880 7.9252 0.5000
224 1 0 0 6.8410 7.9252 0.5000
224 1 0 0 6.2110 7.9252 0.5000
224 1 0 0 6.1590 7.9252 0.5000
224 1 0 0 6.8650 7.9252 0.5000
224 1 0 0 6.3550 7.9252 0.5000
224 1 0 0 6.8280 7.9252 0.5000
224 1 0 0 6.9050 7.9252 0.5000
225 1 0 0 7.5320 7.8481 0.5000
225 1 0 0 7.5040 7.8481 0.5000
225 1 0 0 7.4120 7.8481 0.5000
225 1 0 0 6.5340 7.8481 0.5000
225 1 0 0 6.9430 7.8481 0.5000
225 1 0 0 6.7920 7.8481 0.5000
225 1 0 0 6.9240 7.8481 0.5000
225 1 0 0 6.8340 7.8481 0.5000
225 1 0 0 6.8150 7.8481 0.5000
225 1 0 0 6.3450 7.8481 0.5000
225 1 0 0 6.7970 7.8481 0.5000
225 0 0 0 5.6540 7.8481 0.0000
225 1 0 0 10.0380 7.8481 0.5000
225 1 0 0 6.8090 7.8481 0.5000
225 1 0 0 6.8210 7.8481 0.5000
225 1 0 0 6.9480 7.8481 0.5000
225 1 0 0 8.4380 7.8481 0.5000
225 1 0 0 7.6070 7.8481 0.5000
225 1 0 0 6.7900 7.8481 0.5000
225 1 0 0 7.9710 7.8481 0.5000
226 0 0 0 18.4890 7.8942 0.0000
226 1 0 0 47.6440 7.8942 0.1657
226 0 0 0 23.8580 7.8942 0.0000
226 0 0 0 15.3270 7.8942 0.0000
226 0 0 0 21.0650 7.8942 0.0000
226 1 0 0 13.9570 7.8942 0.5000
226 0 0 0 36.3620 7.8942 0.0000
226 0 0 0 22.4310 7.8942 0.0000
226 0 0 0 24.1910 7.8942 0.0000
226 0 0 0 47.5410 7.8942 0.0000
226 0 0 0 12.4640 7.8942 0.0000
226 0 0 0 54.2840 7.8942 0.0000
226 0 0 0 23.2050 7.8942 0.0000
226 0 0 0 23.4130 7.8942 0.0000
226 0 0 0 54.3430 7.8942 0.0000
226 1 0 0 31.2930 7.8942 0.2523
226 0 0 0 10.7190 7.8942 0.0000
226 0 0 0 29.0280 7.8942 0.0000
226 0 0 0 31.3110 7.8942 0.0000
226 0 0 0 12.7590 7.8942 0.0000
227 1 0 0 7.0450 7.8473 0.5000
227 1 0 0 9.1940 7.8473 0.5000
227 1 0 0 8.5990 7.8473 0.5000
227 1 0 0 8.5310 7.8473 0.5000
227 1 0 0 7.8370 7.8473 0.5000
227 1 0 0 7.9130 7.8473 0.5000
227 1 0 0 9.0720 7.8473 0.5000
227 1 0 0 7.9340 7.8473 0.5000
227 1 0 0 8.6360 7.8473 0.5000
227 1 0 0 8.0030 7.8473 0.5000
227 1 0 0 7.9590 7.8473 0.5000
227 1 0 0 7.9420 7.8473 0.5000
227 1 0 0 7.5500 7.8473 0.5000
227 1 0 0 7.9510 7.8473 0.5000
227 1 0 0 7.4130 7.8473 0.5000
227 1 0 0 9.2010 7.8473 0.5000
227 1 0 0 6.8720 7.8473 0.5000
227 1 0 0 8.3790 7.8473 0.5000
227 1 0 0 8.0140 7.8473 0.5000
227 1 0 0 10.1330 7.8473 0.5000
228 0 0 0 14.1360 8.7277 0.0000
228 0 0 0 39.8270 8.7277 0.0000
228 0 0 0 20.1010 8.7277 0.0000
228 0 0 0 39.4730 8.7277 0.0000
228 0 0 0 54.7890 8.7277 0.0000
228 0 0 0 25.9580 8.7277 0.0000
228 0 0 0 54.5340 8.7277 0.0000
228 0 0 0 17.8010 8.7277 0.0000
228 0 0 0 54.7830 8.7277 0.0000
228 0 0 0 14.0240 8.7277 0.0000
228 0 0 0 29.3580 8.7277 0.0000
228 0 0 0 20.4540 8.7277 0.0000
228 0 0 0 54.5830 8.7277 0.0000
228 0 0 0 19.7730 8.7277 0.0000
228 0 0 0 20.6480 8.7277 0.0000
228 0 0 0 19.0350 8.7277 0.0000
228 0 0 0 34.5500 8.7277 0.0000
228 0 0 0 19.0620 8.7277 0.0000
228 0 0 0 21.5270 8.7277 0.0000
228 0 0 0 17.0990 8.7277 0.0000
229 1 0 0 8.8630 7.7993 0.5000
229 1 0 0 9.1060 7.7993 0.5000
229 1 0 0 9.1900 7.7993 0.5000
229 0 0 0 43.6810 7.7993 0.0000
229 1 0 0 9.5270 7.7993 0.5000
229 1 0 0 9.1670 7.7993 0.5000
229 1 0 0 9.5920 7.7993 0.5000
229 0 0 0 6.5250 7.7993 0.0000
229 1 0 0 9.5940 7.7993 0.5000
229 0 0 0 6.9140 7.7993 0.0000
229 1 0 0 9.6740 7.7993 0.5000
229 1 0 0 8.6760 7.7993 0.5000
229 1 0 0 9.1090 7.7993 0.5000
229 1 0 0 8.0980 7.7993 0.5000
229 1 0 0 9.2780 7.7993 0.5000
229 1 0 0 9.1940 7.7993 0.5000
229 1 0 0 13.5780 7.7993 0.5000
229 1 0 0 9.6550 7.7993 0.5000
229 1 0 0 9.0720 7.7993 0.5000
229 1 0 0 9.2600 7.7993 0.5000
230 1 0 0 16.8580 8.1117 0.4812
230 1 0 0 6.9400 8.1117 0.5000
230 1 0 0 7.4390 8.1117 0.5000
230 1 0 0 7.3720 8.1117 0.5000
230 1 0 0 7.3940 8.1117 0.5000
230 1 0 0 7.9980 8.1117 0.5000
230 1 0 0 7.5260 8.1117 0.5000
230 1 0 0 7.4670 8.1117 0.5000
230 1 0 0 11.1460 8.1117 0.5000
230 1 0 0 7.4810 8.1117 0.5000
230 1 0 0 7.5040 8.1117 0.5000
230 1 0 0 7.6240 8.1117 0.5000
230 1 0 0 7.9890 8.1117 0.5000
230 1 0 0 7.5170 8.1117 0.5000
230 1 0 0 7.5030 8.1117 0.5000
230 1 0 0 7.9370 8.1117 0.5000
230 1 0 0 6.9990 8.1117 0.5000
230 1 0 0 7.4110 8.1117 0.5000
230 1 0 0 7.9120 8.1117 0.5000
230 1 0 0 8.5810 8.1117 0.5000
231 0 0 0 34.6770 8.3411 0.0000
231 0 0 0 26.6170 8.3411 0.0000
231 0 0 0 19.2380 8.3411 0.0000
231 0 0 0 45.0430 8.3411 0.0000
231 0 0 0 23.2550 8.3411 0.0000
231 0 0 0 22.9860 8.3411 0.0000
231 0 0 0 35.7910 8.3411 0.0000
231 0 0 0 43.1920 8.3411 0.0000
231 0 0 0 22.2640 8.3411 0.0000
231 0 0 0 27.8780 8.3411 0.0000
231 0 0 0 26.1480 8.3411 0.0000
231 0 0 0 40.0200 8.3411 0.0000
231 0 0 0 18.0060 8.3411 0.0000
231 0 0 0 45.3090 8.3411 0.0000
231 0 0 0 24.0500 8.3411 0.0000
231 0 0 0 23.7480 8.3411 0.0000
231 0 0 0 18.3980 8.3411 0.0000
231 0 0 0 30.9220 8.3411 0.0000
231 0 0 0 19.0580 8.3411 0.0000
231 0 0 0 22.7550 8.3411 0.0000
232 1 0 0 7.7010 8.5412 0.5000
232 1 0 0 7.5650 8.5412 0.5000
232 1 0 0 6.8130 8.5412 0.5000
232 1 0 0 8.1350 8.5412 0.5000
232 1 0 0 7.3930 8.5412 0.5000
232 1 0 0 6.8600 8.5412 0.5000
232 1 0 0 6.8560 8.5412 0.5000
232 1 0 0 6.9020 8.5412 0.5000
232 1 0 0 7.5990 8.5412 0.5000
232 1 0 0 7.4170 8.5412 0.5000
232 1 0 0 7.4640 8.5412 0.5000
232 0 0 0 10.6680 8.5412 0.0000
232 1 0 0 7.3470 8.5412 0.5000
232 1 0 0 7.4670 8.5412 0.5000
232 1 0 0 6.9010 8.5412 0.5000
232 1 0 0 7.4410 8.5412 0.5000
232 0 0 0 5.2110 8.5412 0.0000
232 1 0 0 9.0110 8.5412 0.5000
232 1 0 0 7.3610 8.5412 0.5000
232 1 0 0 6.9600 8.5412 0.5000
233 0 0 0 17.8650 8.2097 0.0000
233 1 0 0 28.8790 8.2097 0.2843
233 0 0 0 18.6170 8.2097 0.0000
233 0 0 0 22.2370 8.2097 0.0000
233 0 0 0 16.0960 8.2097 0.0000
233 0 0 0 28.1200 8.2097 0.0000
233 0 0 0 19.9950 8.2097 0.0000
233 0 0 0 42.2730 8.2097 0.0000
233 0 0 0 18.9130 8.2097 0.0000
233 0 0 0 19.6900 8.2097 0.0000
233 0 0 0 21.1880 8.2097 0.0000
233 0 0 0 39.5440 8.2097 0.0000
233 1 0 0 25.7990 8.2097 0.3182
233 1 0 0 20.3380 8.2097 0.4037
233 0 0 0 20.1360 8.2097 0.0000
233 0 0 0 46.3130 8.2097 0.0000
233 0 0 0 37.9330 8.2097 0.0000
233 0 0 0 16.7320 8.2097 0.0000
233 0 0 0 17.8910 8.2097 0.0000
233 0 0 0 30.0550 8.2097 0.0000
234 1 0 0 10.5880 7.8729 0.5000
234 1 0 0 16.9160 7.8729 0.4654
234 1 0 0 10.2720 7.8729 0.5000
234 1 0 0 8.6120 7.8729 0.5000
234 1 0 0 8.5610 7.8729 0.5000
234 0 0 0 8.5990 7.8729 0.0000
234 1 0 0 8.9510 7.8729 0.5000
234 1 0 0 8.5520 7.8729 0.5000
234 1 0 0 9.2930 7.8729 0.5000
234 1 0 0 9.0350 7.8729 0.5000
234 1 0 0 9.6230 7.8729 0.5000
234 1 0 0 8.6290 7.8729 0.5000
234 1 0 0 8.5570 7.8729 0.5000
234 1 0 0 9.6970 7.8729 0.5000
234 1 0 0 9.1920 7.8729 0.5000
234 1 0 0 9.1960 7.8729 0.5000
234 1 0 0 8.6110 7.8729 0.5000
234 1 0 0 9.1490 7.8729 0.5000
234 1 0 0 8.3800 7.8729 0.5000
234 1 0 0 9.5710 7.8729 0.5000
235 1 0 0 7.8570 8.0172 0.5000
235 1 0 0 7.5610 8.0172 0.5000
235 1 0 0 8.0160 8.0172 0.5000
235 1 0 0 8.1190 8.0172 0.5000
235 1 0 0 7.9730 8.0172 0.5000
235 1 0 0 7.8730 8.0172 0.5000
235 1 0 0 7.6500 8.0172 0.5000
235 1 0 0 8.0180 8.0172 0.5000
235 1 0 0 8.1040 8.0172 0.5000
235 1 0 0 11.4230 8.0172 0.5000
235 1 0 0 7.8860 8.0172 0.5000
235 1 0 0 8.0200 8.0172 0.5000
235 1 0 0 10.2390 8.0172 0.5000
235 1 0 0 7.5020 8.0172 0.5000
235 1 0 0 7.9100 8.0172 0.5000
235 1 0 0 7.8940 8.0172 0.5000
235 1 0 0 7.8380 8.0172 0.5000
235 1 0 0 9.6910 8.0172 0.5000
235 1 0 0 8.5490 8.0172 0.5000
235 1 0 0 8.0820 8.0172 0.5000
236 0 0 0 10.9340 7.8991 0.0000
236 1 0 0 8.9980 7.8991 0.5000
236 1 0 0 10.2220 7.8991 0.5000
236 1 0 0 10.1640 7.8991 0.5000
236 0 0 0 11.7210 7.8991 0.0000
236 1 0 0 11.7300 7.8991 0.5000
236 1 0 0 10.2940 7.8991 0.5000
236 1 0 0 11.0990 7.8991 0.5000
236 0 0 0 12.7210 7.8991 0.0000
236 1 0 0 9.3770 7.8991 0.5000
236 0 0 0 16.4290 7.8991 0.0000
236 0 0 0 10.1240 7.8991 0.0000
236 1 0 0 10.0890 7.8991 0.5000
236 1 0 0 12.4580 7.8991 0.5000
236 1 0 0 10.1400 7.8991 0.5000
236 1 0 0 10.5970 7.8991 0.5000
236 1 0 0 10.2510 7.8991 0.5000
236 1 0 0 10.7790 7.8991 0.5000
236 1 0 0 8.6960 7.8991 0.5000
236 1 0 0 9.7830 7.8991 0.5000
237 1 0 0 9.8670 8.1846 0.5000
237 1 0 0 10.3390 8.1846 0.5000
237 1 0 0 9.6740 8.1846 0.5000
237 0 0 0 7.9600 8.1846 0.0000
237 1 0 0 11.7890 8.1846 0.5000
237 0 0 0 7.8500 8.1846 0.0000
237 1 0 0 9.1120 8.1846 0.5000
237 1 0 0 17.2670 8.1846 0.4740
237 0 0 0 22.5810 8.1846 0.0000
237 0 0 0 17.6630 8.1846 0.0000
237 0 0 0 7.0370 8.1846 0.0000
237 1 0 0 9.1490 8.1846 0.5000
237 1 0 0 9.8130 8.1846 0.5000
237 1 0 0 13.5160 8.1846 0.5000
237 0 0 0 10.1440 8.1846 0.0000
237 1 0 0 12.3500 8.1846 0.5000
237 1 0 0 10.8450 8.1846 0.5000
237 0 0 0 6.2300 8.1846 0.0000
237 1 0 0 9.1560 8.1846 0.5000
237 1 0 0 15.7040 8.1846 0.5000
238 1 0 0 9.4560 8.2790 0.5000
238 1 0 0 9.7890 8.2790 0.5000
238 1 0 0 10.1960 8.2790 0.5000
238 1 0 0 9.7220 8.2790 0.5000
238 1 0 0 10.1080 8.2790 0.5000
238 1 0 0 10.2730 8.2790 0.5000
238 1 0 0 10.1830 8.2790 0.5000
238 1 0 0 9.2210 8.2790 0.5000
238 1 0 0 9.1800 8.2790 0.5000
238 1 0 0 9.2100 8.2790 0.5000
238 1 0 0 19.1050 8.2790 0.4333
238 1 0 0 10.2280 8.2790 0.5000
238 1 0 0 10.1070 8.2790 0.5000
238 1 0 0 9.6820 8.2790 0.5000
238 1 0 0 10.2820 8.2790 0.5000
238 1 0 0 10.1450 8.2790 0.5000
238 1 0 0 9.2010 8.2790 0.5000
238 1 0 0 9.1060 8.2790 0.5000
238 1 0 0 9.6250 8.2790 0.5000
238 1 0 0 9.7490 8.2790 0.5000
239 0 0 0 47.3650 9.1256 0.0000
239 1 0 0 12.9620 9.1256 0.5000
239 1 0 0 19.0820 9.1256 0.4782
239 0 0 0 20.3720 9.1256 0.0000
239 0 0 0 16.7640 9.1256 0.0000
239 1 0 0 15.6470 9.1256 0.5000
239 1 0 0 18.6140 9.1256 0.4903
239 0 0 0 25.5520 9.1256 0.0000
239 1 0 0 16.8380 9.1256 0.5000
239 1 0 0 12.5040 9.1256 0.5000
239 1 0 0 16.4350 9.1256 0.5000
239 0 0 0 26.1200 9.1256 0.0000
239 1 0 0 17.3730 9.1256 0.5000
239 1 0 0 14.9230 9.1256 0.5000
239 1 0 0 11.8770 9.1256 0.5000
239 0 0 0 15.9580 9.1256 0.0000
239 0 0 0 14.4750 9.1256 0.0000
239 0 0 0 11.8290 9.1256 0.0000
239 1 0 0 18.4170 9.1256 0.4955
239 0 0 0 55.8380 9.1256 0.0000
240 0 0 0 40.0270 8.8293 0.0000
240 0 0 0 56.6070 8.8293 0.0000
240 0 0 0 19.8320 8.8293 0.0000
240 0 0 0 23.2180 8.8293 0.0000
240 0 0 0 46.1770 8.8293 0.0000
240 0 0 0 25.3220 8.8293 0.0000
240 0 0 0 50.2480 8.8293 0.0000
240 0 0 0 24.1550 8.8293 0.0000
240 0 0 0 24.7580 8.8293 0.0000
240 0 0 0 55.6180 8.8293 0.0000
240 0 0 0 39.7310 8.8293 0.0000
240 0 0 0 42.8180 8.8293 0.0000
240 0 0 0 21.4960 8.8293 0.0000
240 0 0 0 55.0760 8.8293 0.0000
240 0 0 0 55.4360 8.8293 0.0000
240 0 0 0 24.0660 8.8293 0.0000
240 0 0 0 42.9970 8.8293 0.0000
240 0 0 0 55.6050 8.8293 0.0000
240 0 0 0 20.3360 8.8293 0.0000
240 0 0 0 22.1190 8.8293 0.0000
241 1 0 0 7.7890 8.1083 0.5000
241 1 0 0 7.9580 8.1083 0.5000
241 1 0 0 11.7080 8.1083 0.5000
241 1 0 0 7.5410 8.1083 0.5000
241 1 0 0 6.8860 8.1083 0.5000
241 1 0 0 7.3480 8.1083 0.5000
241 1 0 0 7.9130 8.1083 0.5000
241 1 0 0 7.9850 8.1083 0.5000
241 1 0 0 8.9780 8.1083 0.5000
241 1 0 0 7.2860 8.1083 0.5000
241 1 0 0 7.4930 8.1083 0.5000
241 1 0 0 8.4490 8.1083 0.5000
241 1 0 0 7.4280 8.1083 0.5000
241 1 0 0 7.3920 8.1083 0.5000
241 1 0 0 7.4550 8.1083 0.5000
241 1 0 0 6.9560 8.1083 0.5000
241 1 0 0 7.3900 8.1083 0.5000
241 0 0 0 6.3330 8.1083 0.0000
241 1 0 0 7.7110 8.1083 0.5000
241 1 0 0 8.6600 8.1083 0.5000
242 0 0 0 26.4790 7.8569 0.0000
242 1 0 0 9.0520 7.8569 0.5000
242 1 0 0 10.1770 7.8569 0.5000
242 1 0 0 8.0970 7.8569 0.5000
242 1 0 0 8.4380 7.8569 0.5000
242 1 0 0 9.3510 7.8569 0.5000
242 1 0 0 9.2030 7.8569 0.5000
242 0 0 0 19.7690 7.8569 0.0000
242 1 0 0 11.7670 7.8569 0.5000
242 1 0 0 8.3470 7.8569 0.5000
242 1 0 0 9.0800 7.8569 0.5000
242 0 0 0 30.6970 7.8569 0.0000
242 1 0 0 9.0220 7.8569 0.5000
242 1 0 0 8.4870 7.8569 0.5000
242 1 0 0 10.1440 7.8569 0.5000
242 1 0 0 8.4500 7.8569 0.5000
242 1 0 0 9.6300 7.8569 0.5000
242 1 0 0 9.1960 7.8569 0.5000
242 1 0 0 8.6180 7.8569 0.5000
242 1 0 0 10.7220 7.8569 0.5000
243 1 0 0 42.1810 9.3565 0.2218
243 1 0 0 20.8380 9.3565 0.4490
243 0 0 0 5.7610 9.3565 0.0000
243 0 0 0 43.8150 9.3565 0.0000
243 1 0 0 23.7750 9.3565 0.3935
243 0 0 0 24.8090 9.3565 0.0000
243 0 0 0 18.7260 9.3565 0.0000
243 0 0 0 24.3700 9.3565 0.0000
243 0 0 0 19.3450 9.3565 0.0000
243 0 0 0 10.7430 9.3565 0.0000
243 0 0 0 29.2010 9.3565 0.0000
243 0 0 0 31.4980 9.3565 0.0000
243 0 0 0 41.4790 9.3565 0.0000
243 0 0 0 24.7550 9.3565 0.0000
243 0 0 0 21.3600 9.3565 0.0000
243 0 0 0 30.9010 9.3565 0.0000
243 0 0 0 46.9180 9.3565 0.0000
243 1 0 0 20.2220 9.3565 0.4627
243 0 0 0 26.7760 9.3565 0.0000
243 0 0 0 54.5050 9.3565 0.0000
244 0 0 0 4.5210 7.8886 0.0000
244 1 0 0 6.8560 7.8886 0.5000
244 1 0 0 6.3900 7.8886 0.5000
244 1 0 0 6.3710 7.8886 0.5000
244 1 0 0 6.3120 7.8886 0.5000
244 1 0 0 6.9200 7.8886 0.5000
244 1 0 0 8.1260 7.8886 0.5000
244 1 0 0 7.2860 7.8886 0.5000
244 1 0 0 6.9380 7.8886 0.5000
244 1 0 0 7.9200 7.8886 0.5000
244 1 0 0 6.8380 7.8886 0.5000
244 1 0 0 7.6480 7.8886 0.5000
244 1 0 0 6.3190 7.8886 0.5000
244 1 0 0 6.8640 7.8886 0.5000
244 1 0 0 6.3210 7.8886 0.5000
244 1 0 0 6.2920 7.8886 0.5000
244 1 0 0 6.9120 7.8886 0.5000
244 1 0 0 6.7540 7.8886 0.5000
244 1 0 0 6.9800 7.8886 0.5000
244 1 0 0 6.9090 7.8886 0.5000
245 0 0 0 30.5150 8.0073 0.0000
245 0 0 0 54.7030 8.0073 0.0000
245 0 0 0 17.3970 8.0073 0.0000
245 0 0 0 54.7560 8.0073 0.0000
245 1 0 0 17.4090 8.0073 0.4599
245 0 0 0 54.5740 8.0073 0.0000
245 0 0 0 20.4980 8.0073 0.0000
245 0 0 0 23.2080 8.0073 0.0000
245 1 0 0 20.1810 8.0073 0.3968
245 0 0 0 18.8890 8.0073 0.0000
245 0 0 0 14.8060 8.0073 0.0000
245 0 0 0 54.8060 8.0073 0.0000
245 0 0 0 8.3620 8.0073 0.0000
245 1 0 0 12.5660 8.0073 0.5000
245 0 0 0 42.6800 8.0073 0.0000
245 1 0 0 19.9530 8.0073 0.4013
245 1 0 0 15.8790 8.0073 0.5000
245 0 0 0 20.6660 8.0073 0.0000
245 0 0 0 54.4290 8.0073 0.0000
245 1 0 0 12.3310 8.0073 0.5000
246 1 0 0 7.1000 7.9229 0.5000
246 1 0 0 7.4300 7.9229 0.5000
246 1 0 0 6.9790 7.9229 0.5000
246 1 0 0 7.9730 7.9229 0.5000
246 1 0 0 6.7450 7.9229 0.5000
246 1 0 0 6.8690 7.9229 0.5000
246 1 0 0 6.9210 7.9229 0.5000
246 1 0 0 7.3850 7.9229 0.5000
246 1 0 0 7.0650 7.9229 0.5000
246 1 0 0 7.4620 7.9229 0.5000
246 1 0 0 6.7740 7.9229 0.5000
246 1 0 0 6.9310 7.9229 0.5000
246 1 0 0 6.9080 7.9229 0.5000
246 1 0 0 7.3700 7.9229 0.5000
246 1 0 0 6.9240 7.9229 0.5000
246 1 0 0 8.0210 7.9229 0.5000
246 1 0 0 7.3870 7.9229 0.5000
246 1 0 0 7.3300 7.9229 0.5000
246 1 0 0 7.3250 7.9229 0.5000
246 1 0 0 6.9130 7.9229 0.5000
247 1 0 0 7.2000 8.3974 0.5000
247 1 0 0 7.3210 8.3974 0.5000
247 1 0 0 9.0790 8.3974 0.5000
247 1 0 0 7.4870 8.3974 0.5000
247 0 0 0 4.0920 8.3974 0.0000
247 1 0 0 7.8770 8.3974 0.5000
247 1 0 0 6.7660 8.3974 0.5000
247 1 0 0 8.0300 8.3974 0.5000
247 1 0 0 7.8890 8.3974 0.5000
247 1 0 0 9.5670 8.3974 0.5000
247 1 0 0 8.0700 8.3974 0.5000
247 1 0 0 8.3600 8.3974 0.5000
247 1 0 0 7.9230 8.3974 0.5000
247 1 0 0 7.9850 8.3974 0.5000
247 1 0 0 8.0540 8.3974 0.5000
247 1 0 0 7.5440 8.3974 0.5000
247 1 0 0 7.8480 8.3974 0.5000
247 1 0 0 8.0070 8.3974 0.5000
247 1 0 0 8.0120 8.3974 0.5000
247 1 0 0 7.4510 8.3974 0.5000
248 0 0 0 32.2940 7.9923 0.0000
248 0 0 0 55.6120 7.9923 0.0000
248 0 0 0 34.4190 7.9923 0.0000
248 0 0 0 55.5130 7.9923 0.0000
248 0 0 0 56.5080 7.9923 0.0000
248 0 0 0 48.6190 7.9923 0.0000
248 0 0 0 53.2660 7.9923 0.0000
248 0 0 0 55.6320 7.9923 0.0000
248 0 0 0 24.2320 7.9923 0.0000
248 0 0 0 54.8160 7.9923 0.0000
248 0 0 0 56.0560 7.9923 0.0000
248 0 0 0 55.8350 7.9923 0.0000
248 0 0 0 55.6720 7.9923 0.0000
248 0 0 0 55.2550 7.9923 0.0000
248 0 0 0 41.1140 7.9923 0.0000
248 0 0 0 34.1750 7.9923 0.0000
248 1 0 0 51.4170 7.9923 0.1554
248 0 0 0 57.4520 7.9923 0.0000
248 0 0 0 43.4040 7.9923 0.0000
248 0 0 0 54.3500 7.9923 0.0000
249 1 0 0 7.3140 8.1320 0.5000
249 1 0 0 7.3040 8.1320 0.5000
249 1 0 0 7.4620 8.1320 0.5000
249 1 0 0 7.4400 8.1320 0.5000
249 1 0 0 7.3290 8.1320 0.5000
249 1 0 0 7.4640 8.1320 0.5000
249 1 0 0 7.3870 8.1320 0.5000
249 1 0 0 7.5710 8.1320 0.5000
249 1 0 0 7.4120 8.1320 0.5000
249 1 0 0 7.5130 8.1320 0.5000
249 1 0 0 7.4340 8.1320 0.5000
249 1 0 0 7.5360 8.1320 0.5000
249 1 0 0 7.4340 8.1320 0.5000
249 1 0 0 7.3790 8.1320 0.5000
249 1 0 0 7.6030 8.1320 0.5000
249 1 0 0 8.0050 8.1320 0.5000
249 1 0 0 7.4390 8.1320 0.5000
249 1 0 0 7.3360 8.1320 0.5000
249 1 0 0 7.5270 8.1320 0.5000
249 1 0 0 7.4670 8.1320 0.5000
250 0 0 0 39.8390 7.7533 0.0000
250 0 0 0 11.1550 7.7533 0.0000
250 1 0 0 11.1290 7.7533 0.5000
250 1 0 0 11.3050 7.7533 0.5000
250 0 0 0 11.2490 7.7533 0.0000
250 1 0 0 14.9390 7.7533 0.5000
250 1 0 0 14.8110 7.7533 0.5000
250 1 0 0 15.9200 7.7533 0.4870
250 1 0 0 9.7600 7.7533 0.5000
250 0 0 0 17.4200 7.7533 0.0000
250 0 0 0 9.1220 7.7533 0.0000
250 1 0 0 9.6040 7.7533 0.5000
250 1 0 0 11.3950 7.7533 0.5000
250 0 0 0 13.8960 7.7533 0.0000
250 1 0 0 11.7350 7.7533 0.5000
250 1 0 0 12.5640 7.7533 0.5000
250 1 0 0 11.5530 7.7533 0.5000
250 1 0 0 9.1650 7.7533 0.5000
250 1 0 0 11.4080 7.7533 0.5000
250 1 0 0 12.3770 7.7533 0.5000
251 1 0 0 22.0910 7.8992 0.3576
251 1 0 0 9.6610 7.8992 0.5000
251 1 0 0 10.2950 7.8992 0.5000
251 1 0 0 10.2360 7.8992 0.5000
251 1 0 0 11.9020 7.8992 0.5000
251 1 0 0 14.2280 7.8992 0.5000
251 1 0 0 10.9630 7.8992 0.5000
251 1 0 0 12.8600 7.8992 0.5000
251 1 0 0 10.1780 7.8992 0.5000
251 1 0 0 17.7660 7.8992 0.4446
251 1 0 0 8.7870 7.8992 0.5000
251 1 0 0 17.2800 7.8992 0.4571
251 1 0 0 11.3080 7.8992 0.5000
251 0 0 0 15.0920 7.8992 0.0000
251 1 0 0 11.6560 7.8992 0.5000
251 1 0 0 13.6380 7.8992 0.5000
251 1 0 0 11.2840 7.8992 0.5000
251 1 0 0 12.9000 7.8992 0.5000
251 1 0 0 12.0710 7.8992 0.5000
251 1 0 0 10.0100 7.8992 0.5000
252 1 0 0 20.5540 7.6412 0.3718
252 0 0 0 44.1990 7.6412 0.0000
252 0 0 0 23.0460 7.6412 0.0000
252 1 0 0 28.4350 7.6412 0.2687
252 0 0 0 18.3340 7.6412 0.0000
252 0 0 0 12.3400 7.6412 0.0000
252 0 0 0 22.7200 7.6412 0.0000
252 0 0 0 21.9990 7.6412 0.0000
252 0 0 0 24.0960 7.6412 0.0000
252 0 0 0 18.6610 7.6412 0.0000
252 0 0 0 54.7570 7.6412 0.0000
252 0 0 0 17.1770 7.6412 0.0000
252 0 0 0 50.2660 7.6412 0.0000
252 1 0 0 24.2760 7.6412 0.3148
252 0 0 0 30.0940 7.6412 0.0000
252 0 0 0 22.2770 7.6412 0.0000
252 0 0 0 25.6100 7.6412 0.0000
252 0 0 0 32.5520 7.6412 0.0000
252 1 0 0 32.9540 7.6412 0.2319
252 0 0 0 21.6370 7.6412 0.0000
253 0 0 0 23.9840 7.7807 0.0000
253 0 0 0 18.6910 7.7807 0.0000
253 0 0 0 32.5630 7.7807 0.0000
253 0 0 0 50.5980 7.7807 0.0000
253 0 0 0 7.4400 7.7807 0.0000
253 0 0 0 20.3030 7.7807 0.0000
253 0 0 0 30.8220 7.7807 0.0000
253 0 0 0 37.2350 7.7807 0.0000
253 1 0 0 37.6470 7.7807 0.2067
253 0 0 0 21.5410 7.7807 0.0000
253 0 0 0 25.1090 7.7807 0.0000
253 0 0 0 52.7530 7.7807 0.0000
253 0 0 0 26.3500 7.7807 0.0000
253 0 0 0 35.4500 7.7807 0.0000
253 0 0 0 33.9310 7.7807 0.0000
253 0 0 0 44.6350 7.7807 0.0000
253 0 0 0 28.4980 7.7807 0.0000
253 0 0 0 37.5070 7.7807 0.0000
253 0 0 0 26.2660 7.7807 0.0000
253 0 0 0 22.5950 7.7807 0.0000
254 1 0 0 10.0240 8.3322 0.5000
254 1 0 0 9.1280 8.3322 0.5000
254 0 0 0 22.5180 8.3322 0.0000
254 1 0 0 11.1520 8.3322 0.5000
254 1 0 0 8.5590 8.3322 0.5000
254 1 0 0 8.5990 8.3322 0.5000
254 1 0 0 9.0090 8.3322 0.5000
254 1 0 0 10.5340 8.3322 0.5000
254 0 0 0 10.1400 8.3322 0.0000
254 1 0 0 11.2980 8.3322 0.5000
254 1 0 0 9.1270 8.3322 0.5000
254 1 0 0 15.0820 8.3322 0.5000
254 1 0 0 11.5240 8.3322 0.5000
254 1 0 0 11.3590 8.3322 0.5000
254 1 0 0 10.1080 8.3322 0.5000
254 1 0 0 8.6550 8.3322 0.5000
254 1 0 0 8.9750 8.3322 0.5000
254 0 0 0 10.9190 8.3322 0.0000
254 1 0 0 12.0420 8.3322 0.5000
254 1 0 0 43.5150 8.3322 0.1915
255 0 0 0 11.7520 8.2343 0.0000
255 1 0 0 15.8770 8.2343 0.5000
255 1 0 0 21.8100 8.2343 0.3775
255 1 0 0 16.2360 8.2343 0.5000
255 1 0 0 15.3670 8.2343 0.5000
255 1 0 0 17.4710 8.2343 0.4713
255 0 0 0 14.9950 8.2343 0.0000
255 1 0 0 15.2730 8.2343 0.5000
255 1 0 0 19.2390 8.2343 0.4280
255 1 0 0 14.9330 8.2343 0.5000
255 0 0 0 37.6710 8.2343 0.0000
255 0 0 0 54.5940 8.2343 0.0000
255 1 0 0 17.0920 8.2343 0.4818
255 1 0 0 18.2740 8.2343 0.4506
255 1 0 0 26.8350 8.2343 0.3069
255 1 0 0 18.2330 8.2343 0.4516
255 1 0 0 22.8010 8.2343 0.3611
255 1 0 0 18.7020 8.2343 0.4403
255 1 0 0 17.8710 8.2343 0.4608
255 1 0 0 17.4990 8.2343 0.4706
256 1 0 0 8.3480 7.7935 0.5000
256 1 0 0 8.2300 7.7935 0.5000
256 1 0 0 9.1950 7.7935 0.5000
256 1 0 0 7.9520 7.7935 0.5000
256 1 0 0 7.9630 7.7935 0.5000
256 0 0 0 8.0170 7.7935 0.0000
256 0 0 0 5.2470 7.7935 0.0000
256 1 0 0 7.8870 7.7935 0.5000
256 1 0 0 8.0890 7.7935 0.5000
256 1 0 0 7.9070 7.7935 0.5000
256 0 0 0 11.2190 7.7935 0.0000
256 1 0 0 8.5730 7.7935 0.5000
256 1 0 0 8.9200 7.7935 0.5000
256 1 0 0 7.4880 7.7935 0.5000
256 1 0 0 7.4800 7.7935 0.5000
256 1 0 0 9.2090 7.7935 0.5000
256 1 0 0 7.3910 7.7935 0.5000
256 1 0 0 9.0530 7.7935 0.5000
256 1 0 0 8.0010 7.7935 0.5000
256 1 0 0 8.0370 7.7935 0.5000
257 0 0 0 16.6870 8.5552 0.0000
257 1 0 0 18.8170 8.5552 0.4547
257 1 0 0 19.2160 8.5552 0.4452
257 0 0 0 14.0660 8.5552 0.0000
257 1 0 0 18.4330 8.5552 0.4641
257 0 0 0 20.6130 8.5552 0.0000
257 0 0 0 22.7300 8.5552 0.0000
257 0 0 0 19.9760 8.5552 0.0000
257 0 0 0 19.0350 8.5552 0.0000
257 0 0 0 36.9260 8.5552 0.0000
257 0 0 0 10.0130 8.5552 0.0000
257 1 0 0 28.7260 8.5552 0.2978
257 0 0 0 31.9240 8.5552 0.0000
257 0 0 0 46.3640 8.5552 0.0000
257 0 0 0 56.2600 8.5552 0.0000
257 1 0 0 16.2350 8.5552 0.5000
257 0 0 0 22.8070 8.5552 0.0000
257 1 0 0 27.2430 8.5552 0.3140
257 0 0 0 28.7650 8.5552 0.0000
257 0 0 0 20.3500 8.5552 0.0000
258 0 0 0 54.1300 9.2138 0.0000
258 0 0 0 32.2910 9.2138 0.0000
258 1 0 0 24.0660 9.2138 0.3829
258 0 0 0 27.6230 9.2138 0.0000
258 1 0 0 32.6190 9.2138 0.2825
258 0 0 0 54.5820 9.2138 0.0000
258 1 0 0 48.8140 9.2138 0.1888
258 0 0 0 31.4610 9.2138 0.0000
258 0 0 0 25.4020 9.2138 0.0000
258 0 0 0 25.2960 9.2138 0.0000
258 0 0 0 14.5170 9.2138 0.0000
258 0 0 0 20.0330 9.2138 0.0000
258 1 0 0 24.5440 9.2138 0.3754
258 0 0 0 54.5270 9.2138 0.0000
258 0 0 0 15.6960 9.2138 0.0000
258 0 0 0 38.1230 9.2138 0.0000
258 0 0 0 24.2080 9.2138 0.0000
258 0 0 0 33.4640 9.2138 0.0000
258 1 0 0 19.6300 9.2138 0.4694
258 0 0 0 26.1490 9.2138 0.0000
259 0 0 0 8.3810 7.9560 0.0000
259 0 0 0 26.8390 7.9560 0.0000
259 0 0 0 16.9060 7.9560 0.0000
259 0 0 0 26.3840 7.9560 0.0000
259 0 0 0 10.6620 7.9560 0.0000
259 1 0 0 53.5010 7.9560 0.1487
259 0 0 0 13.0070 7.9560 0.0000
259 0 0 0 19.2980 7.9560 0.0000
259 0 0 0 28.2430 7.9560 0.0000
259 0 0 0 20.6290 7.9560 0.0000
259 0 0 0 15.3920 7.9560 0.0000
259 0 0 0 16.6990 7.9560 0.0000
259 0 0 0 26.1100 7.9560 0.0000
259 0 0 0 30.2400 7.9560 0.0000
259 0 0 0 20.2980 7.9560 0.0000
259 0 0 0 18.6390 7.9560 0.0000
259 0 0 0 30.3220 7.9560 0.0000
259 0 0 0 54.1890 7.9560 0.0000
259 0 0 0 16.4600 7.9560 0.0000
259 0 0 0 16.1920 7.9560 0.0000
260 0 0 0 31.5610 8.1527 0.0000
260 0 0 0 13.8000 8.1527 0.0000
260 0 0 0 55.1710 8.1527 0.0000
260 0 0 0 36.4100 8.1527 0.0000
260 0 0 0 34.5560 8.1527 0.0000
260 0 0 0 54.6090 8.1527 0.0000
260 0 0 0 25.5710 8.1527 0.0000
260 0 0 0 22.8560 8.1527 0.0000
260 0 0 0 8.5170 8.1527 0.0000
260 0 0 0 18.2890 8.1527 0.0000
260 0 0 0 54.2470 8.1527 0.0000
260 1 0 0 49.3390 8.1527 0.1652
260 0 0 0 54.2530 8.1527 0.0000
260 0 0 0 11.1730 8.1527 0.0000
260 1 0 0 26.4820 8.1527 0.3079
260 0 0 0 52.8620 8.1527 0.0000
260 1 0 0 15.7430 8.1527 0.5000
260 1 0 0 19.7390 8.1527 0.4130
260 1 0 0 16.5890 8.1527 0.4915
260 1 0 0 24.1980 8.1527 0.3369
261 1 0 0 9.0410 7.7656 0.5000
261 1 0 0 9.0220 7.7656 0.5000
261 1 0 0 9.0780 7.7656 0.5000
261 1 0 0 9.0020 7.7656 0.5000
261 1 0 0 8.6110 7.7656 0.5000
261 1 0 0 8.9880 7.7656 0.5000
261 1 0 0 8.4590 7.7656 0.5000
261 1 0 0 9.0850 7.7656 0.5000
261 1 0 0 8.6060 7.7656 0.5000
261 1 0 0 7.9670 7.7656 0.5000
261 1 0 0 9.1180 7.7656 0.5000
261 1 0 0 8.4450 7.7656 0.5000
261 1 0 0 9.1140 7.7656 0.5000
261 1 0 0 8.6010 7.7656 0.5000
261 1 0 0 8.0760 7.7656 0.5000
261 1 0 0 8.6080 7.7656 0.5000
261 1 0 0 8.5460 7.7656 0.5000
261 1 0 0 8.5760 7.7656 0.5000
261 1 0 0 9.2700 7.7656 0.5000
261 1 0 0 9.0900 7.7656 0.5000
262 0 0 0 54.1950 7.9944 0.0000
262 0 0 0 43.2370 7.9944 0.0000
262 0 0 0 14.8210 7.9944 0.0000
262 0 0 0 21.2030 7.9944 0.0000
262 0 0 0 54.6470 7.9944 0.0000
262 0 0 0 20.0350 7.9944 0.0000
262 0 0 0 32.2540 7.9944 0.0000
262 0 0 0 35.8260 7.9944 0.0000
262 0 0 0 22.6880 7.9944 0.0000
262 0 0 0 12.0020 7.9944 0.0000
262 0 0 0 25.8010 7.9944 0.0000
262 0 0 0 30.3850 7.9944 0.0000
262 0 0 0 53.5760 7.9944 0.0000
262 0 0 0 18.9490 7.9944 0.0000
262 0 0 0 55.0800 7.9944 0.0000
262 0 0 0 20.3840 7.9944 0.0000
262 0 0 0 54.4260 7.9944 0.0000
262 0 0 0 27.1780 7.9944 0.0000
262 0 0 0 25.4790 7.9944 0.0000
262 0 0 0 29.1850 7.9944 0.0000
263 0 0 0 20.6380 8.0851 0.0000
263 0 0 0 21.1500 8.0851 0.0000
263 0 0 0 33.4640 8.0851 0.0000
263 0 0 0 33.0980 8.0851 0.0000
263 0 0 0 25.5210 8.0851 0.0000
263 0 0 0 14.2560 8.0851 0.0000
263 0 0 0 27.5590 8.0851 0.0000
263 0 0 0 43.3830 8.0851 0.0000
263 0 0 0 26.5980 8.0851 0.0000
263 0 0 0 37.9080 8.0851 0.0000
263 0 0 0 22.9060 8.0851 0.0000
263 0 0 0 33.0870 8.0851 0.0000
263 1 0 0 24.9510 8.0851 0.3240
263 0 0 0 31.1100 8.0851 0.0000
263 0 0 0 16.0920 8.0851 0.0000
263 0 0 0 24.8610 8.0851 0.0000
263 0 0 0 19.8760 8.0851 0.0000
263 0 0 0 28.1340 8.0851 0.0000
263 0 0 0 40.9520 8.0851 0.0000
263 0 0 0 22.7710 8.0851 0.0000
264 0 0 0 23.7960 8.4668 0.0000
264 0 0 0 21.4950 8.4668 0.0000
264 0 0 0 40.0500 8.4668 0.0000
264 1 0 0 34.1590 8.4668 0.2479
264 0 0 0 19.5990 8.4668 0.0000
264 0 0 0 25.8970 8.4668 0.0000
264 0 0 0 56.7770 8.4668 0.0000
264 0 0 0 15.9550 8.4668 0.0000
264 0 0 0 20.5040 8.4668 0.0000
264 0 0 0 20.2930 8.4668 0.0000
264 0 0 0 29.9480 8.4668 0.0000
264 0 0 0 13.8180 8.4668 0.0000
264 0 0 0 15.7270 8.4668 0.0000
264 0 0 0 32.4120 8.4668 0.0000
264 0 0 0 27.8210 8.4668 0.0000
264 0 0 0 39.0950 8.4668 0.0000
264 0 0 0 54.8630 8.4668 0.0000
264 0 0 0 54.3060 8.4668 0.0000
264 0 0 0 38.1220 8.4668 0.0000
264 0 0 0 21.4310 8.4668 0.0000
265 0 0 0 25.3790 8.6869 0.0000
265 0 0 0 39.0590 8.6869 0.0000
265 0 0 0 27.8870 8.6869 0.0000
265 1 0 0 43.6290 8.6869 0.1991
265 0 0 0 54.8520 8.6869 0.0000
265 0 0 0 16.5440 8.6869 0.0000
265 0 0 0 23.3540 8.6869 0.0000
265 1 0 0 40.5730 8.6869 0.2141
265 0 0 0 24.4260 8.6869 0.0000
265 0 0 0 55.5750 8.6869 0.0000
265 1 0 0 19.6080 8.6869 0.4430
265 0 0 0 51.4390 8.6869 0.0000
265 1 0 0 23.5140 8.6869 0.3694
265 1 0 0 22.5070 8.6869 0.3860
265 0 0 0 16.2130 8.6869 0.0000
265 1 0 0 33.4790 8.6869 0.2595
265 0 0 0 22.8980 8.6869 0.0000
265 1 0 0 40.1480 8.6869 0.2164
265 1 0 0 27.8680 8.6869 0.3117
265 1 0 0 30.0930 8.6869 0.2887
266 0 0 0 19.6090 9.0261 0.0000
266 0 0 0 25.7960 9.0261 0.0000
266 0 0 0 21.9180 9.0261 0.0000
266 1 0 0 17.4310 9.0261 0.5000
266 0 0 0 13.0540 9.0261 0.0000
266 1 0 0 17.1610 9.0261 0.5000
266 1 0 0 23.7140 9.0261 0.3806
266 1 0 0 22.7400 9.0261 0.3969
266 0 0 0 12.4600 9.0261 0.0000
266 1 0 0 17.5390 9.0261 0.5000
266 0 0 0 41.7710 9.0261 0.0000
266 1 0 0 29.4410 9.0261 0.3066
266 1 0 0 23.6190 9.0261 0.3822
266 1 0 0 17.5580 9.0261 0.5000
266 0 0 0 54.6050 9.0261 0.0000
266 0 0 0 18.0200 9.0261 0.0000
266 0 0 0 23.6000 9.0261 0.0000
266 1 0 0 17.3780 9.0261 0.5000
266 0 0 0 12.5350 9.0261 0.0000
266 0 0 0 16.7140 9.0261 0.0000
267 1 0 0 6.1000 7.8513 0.5000
267 1 0 0 6.2530 7.8513 0.5000
267 1 0 0 6.3560 7.8513 0.5000
267 1 0 0 6.3770 7.8513 0.5000
267 1 0 0 6.2540 7.8513 0.5000
267 1 0 0 6.2010 7.8513 0.5000
267 1 0 0 6.2750 7.8513 0.5000
267 1 0 0 6.1750 7.8513 0.5000
267 1 0 0 6.7340 7.8513 0.5000
267 1 0 0 6.1840 7.8513 0.5000
267 1 0 0 6.7020 7.8513 0.5000
267 1 0 0 6.8960 7.8513 0.5000
267 1 0 0 6.2440 7.8513 0.5000
267 1 0 0 6.2400 7.8513 0.5000
267 1 0 0 6.2730 7.8513 0.5000
267 1 0 0 6.3850 7.8513 0.5000
267 1 0 0 6.2740 7.8513 0.5000
267 1 0 0 6.1720 7.8513 0.5000
267 1 0 0 6.2840 7.8513 0.5000
267 1 0 0 6.3900 7.8513 0.5000
268 1 0 0 8.8660 7.9633 0.5000
268 1 0 0 9.1620 7.9633 0.5000
268 1 0 0 10.1480 7.9633 0.5000
268 0 0 0 10.6660 7.9633 0.0000
268 1 0 0 9.7870 7.9633 0.5000
268 0 0 0 5.2320 7.9633 0.0000
268 1 0 0 9.5870 7.9633 0.5000
268 1 0 0 10.7980 7.9633 0.5000
268 0 0 0 16.8460 7.9633 0.0000
268 1 0 0 9.7960 7.9633 0.5000
268 1 0 0 10.2310 7.9633 0.5000
268 0 0 0 5.8120 7.9633 0.0000
268 1 0 0 10.0580 7.9633 0.5000
268 1 0 0 9.6210 7.9633 0.5000
268 1 0 0 9.1610 7.9633 0.5000
268 1 0 0 11.9580 7.9633 0.5000
268 1 0 0 10.3440 7.9633 0.5000
268 0 0 0 10.5840 7.9633 0.0000
268 1 0 0 9.9550 7.9633 0.5000
268 1 0 0 9.6770 7.9633 0.5000
269 1 0 0 10.4930 8.3235 0.5000
269 1 0 0 11.9390 8.3235 0.5000
269 1 0 0 12.3910 8.3235 0.5000
269 1 0 0 12.8990 8.3235 0.5000
269 1 0 0 10.3090 8.3235 0.5000
269 1 0 0 16.1480 8.3235 0.5000
269 1 0 0 11.3210 8.3235 0.5000
269 0 0 0 7.5620 8.3235 0.0000
269 1 0 0 10.1080 8.3235 0.5000
269 1 0 0 10.2260 8.3235 0.5000
269 1 0 0 10.8150 8.3235 0.5000
269 1 0 0 10.1840 8.3235 0.5000
269 1 0 0 10.1780 8.3235 0.5000
269 1 0 0 10.9530 8.3235 0.5000
269 1 0 0 10.3300 8.3235 0.5000
269 1 0 0 10.3770 8.3235 0.5000
269 1 0 0 11.2750 8.3235 0.5000
269 1 0 0 13.8980 8.3235 0.5000
269 1 0 0 10.1670 8.3235 0.5000
269 1 0 0 10.3090 8.3235 0.5000
270 1 0 0 13.2230 8.3528 0.5000
270 1 0 0 17.3760 8.3528 0.4807
270 0 0 0 33.4640 8.3528 0.0000
270 0 0 0 54.6770 8.3528 0.0000
270 1 0 0 12.5390 8.3528 0.5000
270 1 0 0 12.3000 8.3528 0.5000
270 0 0 0 54.2600 8.3528 0.0000
270 0 0 0 7.7260 8.3528 0.0000
270 1 0 0 15.2390 8.3528 0.5000
270 1 0 0 26.1010 8.3528 0.3200
270 0 0 0 54.0740 8.3528 0.0000
270 0 0 0 26.1750 8.3528 0.0000
270 0 0 0 11.3310 8.3528 0.0000
270 1 0 0 18.0630 8.3528 0.4624
270 1 0 0 18.7130 8.3528 0.4464
270 1 0 0 13.8650 8.3528 0.5000
270 1 0 0 18.3290 8.3528 0.4557
270 1 0 0 15.9280 8.3528 0.5000
270 0 0 0 8.9760 8.3528 0.0000
270 1 0 0 27.9880 8.3528 0.2984
271 1 0 0 9.9470 8.1654 0.5000
271 1 0 0 8.5500 8.1654 0.5000
271 1 0 0 9.1350 8.1654 0.5000
271 1 0 0 8.5880 8.1654 0.5000
271 1 0 0 11.4370 8.1654 0.5000
271 1 0 0 8.9720 8.1654 0.5000
271 1 0 0 9.6470 8.1654 0.5000
271 0 0 0 20.7590 8.1654 0.0000
271 1 0 0 9.5200 8.1654 0.5000
271 1 0 0 10.4440 8.1654 0.5000
271 1 0 0 8.7400 8.1654 0.5000
271 1 0 0 8.0000 8.1654 0.5000
271 1 0 0 9.2310 8.1654 0.5000
271 0 0 0 12.7200 8.1654 0.0000
271 1 0 0 14.8190 8.1654 0.5000
271 1 0 0 8.6170 8.1654 0.5000
271 1 0 0 9.0410 8.1654 0.5000
271 1 0 0 9.0280 8.1654 0.5000
271 1 0 0 9.8580 8.1654 0.5000
271 1 0 0 9.2520 8.1654 0.5000
272 1 0 0 7.2290 7.8076 0.5000
272 1 0 0 7.9500 7.8076 0.5000
272 0 0 0 54.1390 7.8076 0.0000
272 0 0 0 7.2930 7.8076 0.0000
272 1 0 0 10.7540 7.8076 0.5000
272 1 0 0 9.5100 7.8076 0.5000
272 1 0 0 7.5150 7.8076 0.5000
272 1 0 0 7.4460 7.8076 0.5000
272 1 0 0 8.6000 7.8076 0.5000
272 0 0 0 9.4840 7.8076 0.0000
272 1 0 0 8.4760 7.8076 0.5000
272 0 0 0 16.6740 7.8076 0.0000
272 1 0 0 7.8110 7.8076 0.5000
272 1 0 0 9.0580 7.8076 0.5000
272 0 0 0 5.7180 7.8076 0.0000
272 0 0 0 6.2690 7.8076 0.0000
272 0 0 0 7.7860 7.8076 0.0000
272 1 0 0 8.4070 7.8076 0.5000
272 1 0 0 7.3870 7.8076 0.5000
272 1 0 0 7.9530 7.8076 0.5000
273 0 0 0 18.7630 8.2953 0.0000
273 1 0 0 16.6010 8.2953 0.4997
273 1 0 0 13.0400 8.2953 0.5000
273 1 0 0 13.0830 8.2953 0.5000
273 1 0 0 12.0970 8.2953 0.5000
273 0 0 0 10.8800 8.2953 0.0000
273 1 0 0 11.3320 8.2953 0.5000
273 0 0 0 54.6150 8.2953 0.0000
273 0 0 0 54.4190 8.2953 0.0000
273 0 0 0 24.7640 8.2953 0.0000
273 0 0 0 25.9880 8.2953 0.0000
273 1 0 0 17.4530 8.2953 0.4753
273 1 0 0 15.2800 8.2953 0.5000
273 0 0 0 29.7860 8.2953 0.0000
273 0 0 0 38.4440 8.2953 0.0000
273 1 0 0 14.7130 8.2953 0.5000
273 1 0 0 14.5630 8.2953 0.5000
273 1 0 0 16.1630 8.2953 0.5000
273 0 0 0 40.2440 8.2953 0.0000
273 1 0 0 13.5280 8.2953 0.5000
274 0 0 0 34.2440 8.1381 0.0000
274 0 0 0 54.2510 8.1381 0.0000
274 0 0 0 34.1840 8.1381 0.0000
274 0 0 0 34.9820 8.1381 0.0000
274 0 0 0 19.4170 8.1381 0.0000
274 0 0 0 40.3170 8.1381 0.0000
274 0 0 0 23.2210 8.1381 0.0000
274 0 0 0 48.9660 8.1381 0.0000
274 0 0 0 44.1210 8.1381 0.0000
274 0 0 0 38.3640 8.1381 0.0000
274 0 0 0 54.0250 8.1381 0.0000
274 0 0 0 31.0280 8.1381 0.0000
274 0 0 0 35.6580 8.1381 0.0000
274 0 0 0 40.1840 8.1381 0.0000
274 0 0 0 16.0420 8.1381 0.0000
274 0 0 0 26.9210 8.1381 0.0000
274 0 0 0 53.7910 8.1381 0.0000
274 0 0 0 27.9580 8.1381 0.0000
274 0 0 0 24.2850 8.1381 0.0000
274 0 0 0 54.2770 8.1381 0.0000
275 1 0 0 8.3920 7.8943 0.5000
275 1 0 0 8.4800 7.8943 0.5000
275 1 0 0 13.0580 7.8943 0.5000
275 1 0 0 8.5980 7.8943 0.5000
275 0 0 0 15.5170 7.8943 0.0000
275 1 0 0 16.3440 7.8943 0.4830
275 0 0 0 18.6070 7.8943 0.0000
275 0 0 0 20.6480 7.8943 0.0000
275 1 0 0 29.4100 7.8943 0.2684
275 1 0 0 29.9330 7.8943 0.2637
275 1 0 0 8.4860 7.8943 0.5000
275 1 0 0 8.5140 7.8943 0.5000
275 1 0 0 8.5610 7.8943 0.5000
275 1 0 0 14.6400 7.8943 0.5000
275 1 0 0 9.0900 7.8943 0.5000
275 0 0 0 54.6280 7.8943 0.0000
275 1 0 0 8.4870 7.8943 0.5000
275 1 0 0 10.4990 7.8943 0.5000
275 0 0 0 8.9870 7.8943 0.0000
275 1 0 0 8.2490 7.8943 0.5000
276 1 0 0 7.3430 8.7216 0.5000
276 1 0 0 7.5030 8.7216 0.5000
276 1 0 0 7.3250 8.7216 0.5000
276 1 0 0 6.8670 8.7216 0.5000
276 1 0 0 7.0460 8.7216 0.5000
276 1 0 0 7.3300 8.7216 0.5000
276 1 0 0 7.4130 8.7216 0.5000
276 1 0 0 7.5110 8.7216 0.5000
276 1 0 0 7.3900 8.7216 0.5000
276 1 0 0 7.5070 8.7216 0.5000
276 1 0 0 6.2770 8.7216 0.5000
276 1 0 0 7.3990 8.7216 0.5000
276 1 0 0 7.4020 8.7216 0.5000
276 1 0 0 6.8420 8.7216 0.5000
276 1 0 0 7.3670 8.7216 0.5000
276 1 0 0 7.9790 8.7216 0.5000
276 1 0 0 6.9650 8.7216 0.5000
276 1 0 0 7.4010 8.7216 0.5000
276 1 0 0 7.4810 8.7216 0.5000
276 1 0 0 7.5410 8.7216 0.5000
277 0 0 0 55.4680 7.8863 0.0000
277 1 0 0 10.7370 7.8863 0.5000
277 0 0 0 11.5340 7.8863 0.0000
277 1 0 0 15.3130 7.8863 0.5000
277 1 0 0 10.4440 7.8863 0.5000
277 1 0 0 8.8560 7.8863 0.5000
277 1 0 0 9.8100 7.8863 0.5000
277 0 0 0 6.5680 7.8863 0.0000
277 1 0 0 11.5660 7.8863 0.5000
277 1 0 0 14.7740 7.8863 0.5000
277 1 0 0 9.2350 7.8863 0.5000
277 1 0 0 8.5990 7.8863 0.5000
277 0 0 0 55.6400 7.8863 0.0000
277 0 0 0 28.9330 7.8863 0.0000
277 0 0 0 12.1850 7.8863 0.0000
277 0 0 0 6.8330 7.8863 0.0000
277 0 0 0 7.2080 7.8863 0.0000
277 1 0 0 11.4920 7.8863 0.5000
277 0 0 0 35.8100 7.8863 0.0000
277 1 0 0 10.0190 7.8863 0.5000
278 0 0 0 17.3260 7.9938 0.0000
278 0 0 0 33.3250 7.9938 0.0000
278 0 0 0 54.2640 7.9938 0.0000
278 0 0 0 27.4810 7.9938 0.0000
278 0 0 0 13.8080 7.9938 0.0000
278 0 0 0 23.0580 7.9938 0.0000
278 0 0 0 19.9820 7.9938 0.0000
278 0 0 0 22.9630 7.9938 0.0000
278 0 0 0 43.5890 7.9938 0.0000
278 0 0 0 47.5850 7.9938 0.0000
278 0 0 0 37.3520 7.9938 0.0000
278 0 0 0 33.8630 7.9938 0.0000
278 1 0 0 41.2050 7.9938 0.1940
278 1 0 0 20.6070 7.9938 0.3879
278 0 0 0 27.9250 7.9938 0.0000
278 1 0 0 33.6830 7.9938 0.2373
278 0 0 0 54.5430 7.9938 0.0000
278 0 0 0 29.0450 7.9938 0.0000
278 0 0 0 13.9110 7.9938 0.0000
278 0 0 0 34.1590 7.9938 0.0000
279 0 0 0 54.4070 8.8454 0.0000
279 0 0 0 54.3150 8.8454 0.0000
279 0 0 0 54.1470 8.8454 0.0000
279 1 0 0 19.8530 8.8454 0.4455
279 1 0 0 22.0500 8.8454 0.4012
279 1 0 0 30.6710 8.8454 0.2884
279 0 0 0 21.0740 8.8454 0.0000
279 0 0 0 38.4240 8.8454 0.0000
279 0 0 0 28.4090 8.8454 0.0000
279 0 0 0 23.8230 8.8454 0.0000
279 0 0 0 20.6050 8.8454 0.0000
279 0 0 0 12.4030 8.8454 0.0000
279 0 0 0 40.3290 8.8454 0.0000
279 0 0 0 23.1300 8.8454 0.0000
279 0 0 0 26.8620 8.8454 0.0000
279 0 0 0 23.1210 8.8454 0.0000
279 0 0 0 20.8500 8.8454 0.0000
279 0 0 0 55.0470 8.8454 0.0000
279 0 0 0 19.0040 8.8454 0.0000
279 0 0 0 40.6030 8.8454 0.0000
280 1 0 0 9.8740 8.8536 0.5000
280 1 0 0 11.8670 8.8536 0.5000
280 0 0 0 10.9090 8.8536 0.0000
280 1 0 0 11.3270 8.8536 0.5000
280 1 0 0 11.8430 8.8536 0.5000
280 1 0 0 11.9730 8.8536 0.5000
280 1 0 0 9.2610 8.8536 0.5000
280 1 0 0 10.6060 8.8536 0.5000
280 1 0 0 9.6220 8.8536 0.5000
280 1 0 0 12.4360 8.8536 0.5000
280 1 0 0 14.7300 8.8536 0.5000
280 1 0 0 9.0880 8.8536 0.5000
280 1 0 0 10.4100 8.8536 0.5000
280 1 0 0 11.9390 8.8536 0.5000
280 0 0 0 11.3640 8.8536 0.0000
280 1 0 0 10.0740 8.8536 0.5000
280 1 0 0 9.2490 8.8536 0.5000
280 1 0 0 12.5540 8.8536 0.5000
280 1 0 0 10.2970 8.8536 0.5000
280 1 0 0 11.2940 8.8536 0.5000
281 0 0 0 5.4730 8.7492 0.0000
281 1 0 0 7.5180 8.7492 0.5000
281 1 0 0 7.4260 8.7492 0.5000
281 1 0 0 8.5010 8.7492 0.5000
281 1 0 0 8.0260 8.7492 0.5000
281 1 0 0 7.4440 8.7492 0.5000
281 1 0 0 7.6340 8.7492 0.5000
281 1 0 0 7.4320 8.7492 0.5000
281 1 0 0 7.4090 8.7492 0.5000
281 0 0 0 5.3110 8.7492 0.0000
281 1 0 0 7.3200 8.7492 0.5000
281 1 0 0 7.5020 8.7492 0.5000
281 1 0 0 7.4450 8.7492 0.5000
281 1 0 0 7.3840 8.7492 0.5000
281 1 0 0 7.4260 8.7492 0.5000
281 1 0 0 7.4550 8.7492 0.5000
281 1 0 0 7.4730 8.7492 0.5000
281 1 0 0 7.2080 8.7492 0.5000
281 1 0 0 7.4290 8.7492 0.5000
281 1 0 0 7.4330 8.7492 0.5000
282 1 0 0 7.1810 8.4952 0.5000
282 1 0 0 7.3860 8.4952 0.5000
282 1 0 0 7.8980 8.4952 0.5000
282 1 0 0 7.3040 8.4952 0.5000
282 1 0 0 7.3660 8.4952 0.5000
282 1 0 0 8.4920 8.4952 0.5000
282 1 0 0 8.4160 8.4952 0.5000
282 1 0 0 7.3940 8.4952 0.5000
282 1 0 0 7.9380 8.4952 0.5000
282 1 0 0 6.8760 8.4952 0.5000
282 1 0 0 6.3260 8.4952 0.5000
282 1 0 0 7.0300 8.4952 0.5000
282 1 0 0 6.8070 8.4952 0.5000
282 1 0 0 7.9730 8.4952 0.5000
282 1 0 0 7.5410 8.4952 0.5000
282 1 0 0 6.9010 8.4952 0.5000
282 1 0 0 7.9510 8.4952 0.5000
282 1 0 0 7.8640 8.4952 0.5000
282 1 0 0 7.3580 8.4952 0.5000
282 1 0 0 8.0950 8.4952 0.5000
283 0 0 0 54.3080 8.3117 0.0000
283 0 0 0 6.3170 8.3117 0.0000
283 1 0 0 11.7880 8.3117 0.5000
283 0 0 0 40.3190 8.3117 0.0000
283 1 0 0 7.8030 8.3117 0.5000
283 1 0 0 12.9920 8.3117 0.5000
283 0 0 0 16.2980 8.3117 0.0000
283 1 0 0 7.7350 8.3117 0.5000
283 1 0 0 19.9800 8.3117 0.4160
283 0 0 0 14.5180 8.3117 0.0000
283 0 0 0 6.7520 8.3117 0.0000
283 0 0 0 54.4580 8.3117 0.0000
283 0 0 0 55.0710 8.3117 0.0000
283 0 0 0 7.8970 8.3117 0.0000
283 1 0 0 8.8180 8.3117 0.5000
283 1 0 0 11.6530 8.3117 0.5000
283 0 0 0 33.4920 8.3117 0.0000
283 1 0 0 8.5760 8.3117 0.5000
283 0 0 0 55.6950 8.3117 0.0000
283 1 0 0 36.1020 8.3117 0.2302
284 1 0 0 7.6770 7.9792 0.5000
284 1 0 0 7.3820 7.9792 0.5000
284 1 0 0 9.0000 7.9792 0.5000
284 1 0 0 7.4930 7.9792 0.5000
284 1 0 0 7.4630 7.9792 0.5000
284 1 0 0 7.3990 7.9792 0.5000
284 1 0 0 7.9240 7.9792 0.5000
284 1 0 0 7.8900 7.9792 0.5000
284 1 0 0 7.3740 7.9792 0.5000
284 1 0 0 8.5490 7.9792 0.5000
284 1 0 0 6.8760 7.9792 0.5000
284 1 0 0 19.3050 7.9792 0.4133
284 1 0 0 7.8340 7.9792 0.5000
284 1 0 0 7.8230 7.9792 0.5000
284 1 0 0 6.8020 7.9792 0.5000
284 1 0 0 6.9240 7.9792 0.5000
284 1 0 0 7.5120 7.9792 0.5000
284 0 0 0 4.0140 7.9792 0.0000
284 0 0 0 11.6700 7.9792 0.0000
284 1 0 0 10.5100 7.9792 0.5000
285 1 0 0 17.8190 8.0789 0.4534
285 1 0 0 25.8230 8.0789 0.3129
285 1 0 0 15.7050 8.0789 0.5000
285 0 0 0 20.6380 8.0789 0.0000
285 0 0 0 25.2710 8.0789 0.0000
285 0 0 0 10.5140 8.0789 0.0000
285 0 0 0 54.6700 8.0789 0.0000
285 0 0 0 20.3310 8.0789 0.0000
285 1 0 0 17.9980 8.0789 0.4489
285 0 0 0 39.5600 8.0789 0.0000
285 1 0 0 16.1940 8.0789 0.4989
285 1 0 0 19.3970 8.0789 0.4165
285 1 0 0 18.6530 8.0789 0.4331
285 1 0 0 25.4470 8.0789 0.3175
285 0 0 0 16.3070 8.0789 0.0000
285 1 0 0 29.3230 8.0789 0.2755
285 0 0 0 20.5730 8.0789 0.0000
285 1 0 0 23.7680 8.0789 0.3399
285 0 0 0 31.3020 8.0789 0.0000
285 0 0 0 15.1370 8.0789 0.0000
286 0 0 0 54.9240 8.9715 0.0000
286 0 0 0 33.8780 8.9715 0.0000
286 0 0 0 24.0910 8.9715 0.0000
286 0 0 0 54.3460 8.9715 0.0000
286 0 0 0 55.2740 8.9715 0.0000
286 1 0 0 15.2310 8.9715 0.5000
286 0 0 0 21.3480 8.9715 0.0000
286 1 0 0 20.5970 8.9715 0.4356
286 0 0 0 55.5010 8.9715 0.0000
286 0 0 0 32.6370 8.9715 0.0000
286 0 0 0 20.3230 8.9715 0.0000
286 0 0 0 21.2580 8.9715 0.0000
286 0 0 0 34.2690 8.9715 0.0000
286 0 0 0 15.0750 8.9715 0.0000
286 0 0 0 29.2650 8.9715 0.0000
286 0 0 0 35.3790 8.9715 0.0000
286 1 0 0 15.2880 8.9715 0.5000
286 0 0 0 55.0370 8.9715 0.0000
286 1 0 0 19.0330 8.9715 0.4714
286 0 0 0 26.6260 8.9715 0.0000
287 1 0 0 10.0250 8.8475 0.5000
287 1 0 0 8.4150 8.8475 0.5000
287 1 0 0 10.7350 8.8475 0.5000
287 0 0 0 6.8150 8.8475 0.0000
287 1 0 0 10.1580 8.8475 0.5000
287 1 0 0 10.7630 8.8475 0.5000
287 1 0 0 10.1760 8.8475 0.5000
287 1 0 0 10.7870 8.8475 0.5000
287 1 0 0 10.3920 8.8475 0.5000
287 1 0 0 10.2760 8.8475 0.5000
287 1 0 0 10.0610 8.8475 0.5000
287 1 0 0 10.2580 8.8475 0.5000
287 1 0 0 12.9250 8.8475 0.5000
287 1 0 0 15.5730 8.8475 0.5000
287 1 0 0 11.2670 8.8475 0.5000
287 1 0 0 10.1620 8.8475 0.5000
287 1 0 0 10.6500 8.8475 0.5000
287 1 0 0 10.1750 8.8475 0.5000
287 1 0 0 11.9380 8.8475 0.5000
287 1 0 0 11.2860 8.8475 0.5000
288 0 0 0 11.7410 8.7374 0.0000
288 1 0 0 29.3860 8.7374 0.2973
288 0 0 0 8.4930 8.7374 0.0000
288 1 0 0 19.0780 8.7374 0.4580
288 0 0 0 8.5780 8.7374 0.0000
288 1 0 0 14.6980 8.7374 0.5000
288 1 0 0 25.7770 8.7374 0.3390
288 0 0 0 9.0860 8.7374 0.0000
288 0 0 0 16.3410 8.7374 0.0000
288 1 0 0 24.1910 8.7374 0.3612
288 0 0 0 19.9210 8.7374 0.0000
288 1 0 0 13.8930 8.7374 0.5000
288 1 0 0 11.9310 8.7374 0.5000
288 0 0 0 9.6080 8.7374 0.0000
288 0 0 0 5.2760 8.7374 0.0000
288 0 0 0 50.8930 8.7374 0.0000
288 1 0 0 33.5360 8.7374 0.2605
288 0 0 0 10.0740 8.7374 0.0000
288 0 0 0 9.6010 8.7374 0.0000
288 1 0 0 22.0040 8.7374 0.3971
289 1 0 0 7.8390 8.6135 0.5000
289 1 0 0 8.5240 8.6135 0.5000
289 1 0 0 9.0480 8.6135 0.5000
289 1 0 0 8.1560 8.6135 0.5000
289 1 0 0 8.1150 8.6135 0.5000
289 1 0 0 8.5970 8.6135 0.5000
289 1 0 0 8.5230 8.6135 0.5000
289 1 0 0 7.9480 8.6135 0.5000
289 1 0 0 8.5870 8.6135 0.5000
289 1 0 0 8.9770 8.6135 0.5000
289 1 0 0 8.4620 8.6135 0.5000
289 1 0 0 7.8670 8.6135 0.5000
289 1 0 0 8.6360 8.6135 0.5000
289 1 0 0 9.1010 8.6135 0.5000
289 0 0 0 23.2580 8.6135 0.0000
289 0 0 0 5.8210 8.6135 0.0000
289 0 0 0 5.7680 8.6135 0.0000
289 1 0 0 8.2670 8.6135 0.5000
289 1 0 0 35.0620 8.6135 0.2457
289 1 0 0 7.9000 8.6135 0.5000
290 1 0 0 11.4720 8.2756 0.5000
290 1 0 0 8.6640 8.2756 0.5000
290 1 0 0 8.1950 8.2756 0.5000
290 1 0 0 8.8320 8.2756 0.5000
290 1 0 0 9.8760 8.2756 0.5000
290 1 0 0 10.0440 8.2756 0.5000
290 1 0 0 14.8840 8.2756 0.5000
290 1 0 0 9.2560 8.2756 0.5000
290 1 0 0 9.5820 8.2756 0.5000
290 1 0 0 8.8590 8.2756 0.5000
290 0 0 0 14.5120 8.2756 0.0000
290 1 0 0 24.0190 8.2756 0.3445
290 1 0 0 10.2630 8.2756 0.5000
290 1 0 0 10.0200 8.2756 0.5000
290 0 0 0 8.3490 8.2756 0.0000
290 1 0 0 9.0800 8.2756 0.5000
290 1 0 0 12.2480 8.2756 0.5000
290 1 0 0 13.1340 8.2756 0.5000
290 1 0 0 9.8440 8.2756 0.5000
290 1 0 0 10.9080 8.2756 0.5000
291 0 0 0 19.0070 8.4414 0.0000
291 0 0 0 16.8320 8.4414 0.0000
291 0 0 0 54.4610 8.4414 0.0000
291 0 0 0 19.4370 8.4414 0.0000
291 0 0 0 21.0500 8.4414 0.0000
291 0 0 0 17.1050 8.4414 0.0000
291 0 0 0 32.4080 8.4414 0.0000
291 0 0 0 53.7840 8.4414 0.0000
291 0 0 0 6.9810 8.4414 0.0000
291 0 0 0 24.2840 8.4414 0.0000
291 0 0 0 54.7300 8.4414 0.0000
291 0 0 0 14.7200 8.4414 0.0000
291 0 0 0 33.2790 8.4414 0.0000
291 0 0 0 54.8710 8.4414 0.0000
291 0 0 0 37.2850 8.4414 0.0000
291 0 0 0 22.8770 8.4414 0.0000
291 0 0 0 14.7460 8.4414 0.0000
291 0 0 0 22.7340 8.4414 0.0000
291 0 0 0 46.3190 8.4414 0.0000
291 0 0 0 7.3510 8.4414 0.0000
292 1 0 0 8.7980 8.3615 0.5000
292 1 0 0 7.4090 8.3615 0.5000
292 1 0 0 8.4820 8.3615 0.5000
292 1 0 0 11.4720 8.3615 0.5000
292 1 0 0 8.4920 8.3615 0.5000
292 1 0 0 8.4360 8.3615 0.5000
292 1 0 0 7.4480 8.3615 0.5000
292 1 0 0 7.4150 8.3615 0.5000
292 1 0 0 7.4450 8.3615 0.5000
292 1 0 0 11.2440 8.3615 0.5000
292 1 0 0 9.5420 8.3615 0.5000
292 1 0 0 10.1130 8.3615 0.5000
292 1 0 0 6.8660 8.3615 0.5000
292 1 0 0 7.4320 8.3615 0.5000
292 1 0 0 7.3680 8.3615 0.5000
292 1 0 0 7.4810 8.3615 0.5000
292 1 0 0 7.3700 8.3615 0.5000
292 1 0 0 7.8900 8.3615 0.5000
292 1 0 0 7.4850 8.3615 0.5000
292 1 0 0 7.4910 8.3615 0.5000
293 0 0 0 36.1430 8.1166 0.0000
293 0 0 0 19.5860 8.1166 0.0000
293 0 0 0 55.2630 8.1166 0.0000
293 0 0 0 28.0150 8.1166 0.0000
293 0 0 0 29.3780 8.1166 0.0000
293 0 0 0 55.1910 8.1166 0.0000
293 0 0 0 54.4480 8.1166 0.0000
293 0 0 0 54.9180 8.1166 0.0000
293 0 0 0 26.9680 8.1166 0.0000
293 0 0 0 42.8870 8.1166 0.0000
293 0 0 0 38.7010 8.1166 0.0000
293 0 0 0 47.7020 8.1166 0.0000
293 0 0 0 47.3610 8.1166 0.0000
293 0 0 0 55.0770 8.1166 0.0000
293 0 0 0 30.8650 8.1166 0.0000
293 0 0 0 54.7080 8.1166 0.0000
293 0 0 0 42.6760 8.1166 0.0000
293 0 0 0 27.7070 8.1166 0.0000
293 0 0 0 47.5150 8.1166 0.0000
293 0 0 0 18.8960 8.1166 0.0000
294 0 0 0 54.7180 8.3546 0.0000
294 0 0 0 20.2670 8.3546 0.0000
294 0 0 0 11.6250 8.3546 0.0000
294 1 0 0 16.9630 8.3546 0.4925
294 0 0 0 32.6370 8.3546 0.0000
294 0 0 0 23.6040 8.3546 0.0000
294 1 0 0 27.1580 8.3546 0.3076
294 0 0 0 54.5040 8.3546 0.0000
294 0 0 0 25.8680 8.3546 0.0000
294 0 0 0 18.9390 8.3546 0.0000
294 0 0 0 54.4820 8.3546 0.0000
294 0 0 0 25.4690 8.3546 0.0000
294 1 0 0 18.7300 8.3546 0.4461
294 0 0 0 54.5850 8.3546 0.0000
294 0 0 0 31.6070 8.3546 0.0000
294 0 0 0 26.6610 8.3546 0.0000
294 0 0 0 54.2550 8.3546 0.0000
294 0 0 0 39.4570 8.3546 0.0000
294 1 0 0 17.9590 8.3546 0.4652
294 0 0 0 34.2680 8.3546 0.0000
295 1 0 0 36.8050 8.0522 0.2188
295 1 0 0 22.3140 8.0522 0.3609
295 1 0 0 21.5090 8.0522 0.3744
295 1 0 0 19.3900 8.0522 0.4153
295 1 0 0 19.1030 8.0522 0.4215
295 0 0 0 54.6910 8.0522 0.0000
295 0 0 0 23.9750 8.0522 0.0000
295 1 0 0 21.2710 8.0522 0.3786
295 0 0 0 21.6100 8.0522 0.0000
295 1 0 0 25.0320 8.0522 0.3217
295 1 0 0 20.8140 8.0522 0.3869
295 0 0 0 31.4450 8.0522 0.0000
295 0 0 0 38.5580 8.0522 0.0000
295 0 0 0 46.5900 8.0522 0.0000
295 1 0 0 26.4650 8.0522 0.3043
295 0 0 0 14.3960 8.0522 0.0000
295 1 0 0 45.6140 8.0522 0.1765
295 0 0 0 56.2230 8.0522 0.0000
295 0 0 0 48.1130 8.0522 0.0000
295 0 0 0 13.3100 8.0522 0.0000
296 0 0 0 20.5140 8.1588 0.0000
296 0 0 0 26.3360 8.1588 0.0000
296 0 0 0 57.2440 8.1588 0.0000
296 0 0 0 43.6240 8.1588 0.0000
296 0 0 0 24.9400 8.1588 0.0000
296 0 0 0 24.9540 8.1588 0.0000
296 0 0 0 55.5160 8.1588 0.0000
296 0 0 0 11.7280 8.1588 0.0000
296 1 0 0 16.8170 8.1588 0.4851
296 1 0 0 10.3950 8.1588 0.5000
296 0 0 0 21.7670 8.1588 0.0000
296 0 0 0 31.1910 8.1588 0.0000
296 0 0 0 31.7250 8.1588 0.0000
296 0 0 0 14.2080 8.1588 0.0000
296 0 0 0 10.6650 8.1588 0.0000
296 1 0 0 10.2480 8.1588 0.5000
296 0 0 0 18.4310 8.1588 0.0000
296 0 0 0 30.2540 8.1588 0.0000
296 0 0 0 44.1440 8.1588 0.0000
296 0 0 0 21.2500 8.1588 0.0000
297 1 0 0 12.3610 8.5215 0.5000
297 1 0 0 11.1890 8.5215 0.5000
297 1 0 0 13.2310 8.5215 0.5000
297 1 0 0 11.9360 8.5215 0.5000
297 1 0 0 10.9970 8.5215 0.5000
297 1 0 0 11.9600 8.5215 0.5000
297 1 0 0 12.6450 8.5215 0.5000
297 1 0 0 18.5390 8.5215 0.4597
297 1 0 0 11.6190 8.5215 0.5000
297 1 0 0 12.8180 8.5215 0.5000
297 1 0 0 18.3930 8.5215 0.4633
297 1 0 0 14.3120 8.5215 0.5000
297 1 0 0 13.6190 8.5215 0.5000
297 0 0 0 7.9610 8.5215 0.0000
297 0 0 0 6.8290 8.5215 0.0000
297 1 0 0 11.3070 8.5215 0.5000
297 1 0 0 9.2850 8.5215 0.5000
297 1 0 0 15.3210 8.5215 0.5000
297 1 0 0 12.5980 8.5215 0.5000
297 1 0 0 10.7200 8.5215 0.5000
298 1 0 0 8.9070 8.1066 0.5000
298 1 0 0 8.6080 8.1066 0.5000
298 1 0 0 8.4670 8.1066 0.5000
298 1 0 0 8.7060 8.1066 0.5000
298 1 0 0 9.0980 8.1066 0.5000
298 1 0 0 10.4420 8.1066 0.5000
298 1 0 0 8.5220 8.1066 0.5000
298 1 0 0 10.1340 8.1066 0.5000
298 1 0 0 26.8350 8.1066 0.3021
298 1 0 0 8.4720 8.1066 0.5000
298 1 0 0 9.0970 8.1066 0.5000
298 1 0 0 8.5510 8.1066 0.5000
298 1 0 0 8.7170 8.1066 0.5000
298 1 0 0 10.2140 8.1066 0.5000
298 1 0 0 8.6670 8.1066 0.5000
298 1 0 0 9.1290 8.1066 0.5000
298 0 0 0 7.7610 8.1066 0.0000
298 1 0 0 9.0880 8.1066 0.5000
298 1 0 0 8.4550 8.1066 0.5000
298 1 0 0 11.5680 8.1066 0.5000
299 0 0 0 22.0530 7.8943 0.0000
299 0 0 0 14.9640 7.8943 0.0000
299 0 0 0 42.5460 7.8943 0.0000
299 0 0 0 15.6090 7.8943 0.0000
299 0 0 0 15.5580 7.8943 0.0000
299 0 0 0 12.4370 7.8943 0.0000
299 0 0 0 21.7890 7.8943 0.0000
299 0 0 0 42.9030 7.8943 0.0000
299 0 0 0 46.4280 7.8943 0.0000
299 0 0 0 12.4690 7.8943 0.0000
299 0 0 0 30.9620 7.8943 0.0000
299 0 0 0 16.0590 7.8943 0.0000
299 0 0 0 20.4580 7.8943 0.0000
299 0 0 0 28.4320 7.8943 0.0000
299 0 0 0 18.7570 7.8943 0.0000
299 0 0 0 14.6660 7.8943 0.0000
299 0 0 0 10.8630 7.8943 0.0000
299 0 0 0 12.9960 7.8943 0.0000
299 0 0 0 14.0660 7.8943 0.0000
299 0 0 0 20.0560 7.8943 0.0000
